event_id,ts,recorded_at,team_id,fantrax_id,event_type,years,fa_year,source,note,approved_by,roster_level,form_ref,acquisition_type,announced_at
1,2026-01-01 00:00:00,2026-10-06 17:58:38.639867,2lcfvwbomk7scnai,04t9b,SIGNED,4.0,2030,migration,migrated from Boe; move_type=Draft; acquisition_type=drafted; fa_year=2026+4=2030; migration_batch=9dde5ca9e28c9e39; Sheet IL=No; Fantrax IL slot=No,migration,MLB,\N,\N,\N
2,2026-01-01 00:00:00,2026-10-06 17:58:38.639867,2lcfvwbomk7scnai,06fzu,CALLED_UP,2.0,2028,migration,migrated from Boe; move_type=Promoted; acquisition_type=called_up; fa_year=2026+2=2028; migration_batch=9dde5ca9e28c9e39; Sheet IL=No; Fantrax IL slot=No,migration,MLB,\N,\N,\N
3,2026-01-01 00:00:00,2026-10-06 17:58:38.639867,2lcfvwbomk7scnai,06aw3,SIGNED,7.0,2033,migration,migrated from Boe; move_type=Draft; acquisition_type=drafted; fa_year=2026+7=2033; migration_batch=9dde5ca9e28c9e39; IL=Yes; cross-check Fantrax Inj Res slot; Sheet IL=Yes; Fantrax IL slot=Yes,migration,MLB,\N,\N,\N
4,2026-01-01 00:00:00,2026-10-06 17:58:38.639867,2lcfvwbomk7scnai,041qb,SIGNED,5.0,2031,migration,migrated from Boe; move_type=Draft; acquisition_type=drafted; fa_year=2026+5=2031; migration_batch=9dde5ca9e28c9e39; player_match=fuzzy; similarity=0.957; Sheet IL=No; Fantrax IL slot=No,migration,MLB,\N,\N,\N
5,2026-01-01 00:00:00,2026-10-06 17:58:38.639867,2lcfvwbomk7scnai,05rbv,SIGNED,7.0,2033,migration,migrated from Boe; move_type=Draft; acquisition_type=drafted; fa_year=2026+7=2033; migration_batch=9dde5ca9e28c9e39; Sheet IL=No; Fantrax IL slot=No,migration,MLB,\N,\N,\N
6,2026-01-01 00:00:00,2026-10-06 17:58:38.639867,2lcfvwbomk7scnai,05u9z,SIGNED,7.0,2033,migration,migrated from Boe; move_type=Draft; acquisition_type=drafted; fa_year=2026+7=2033; migration_batch=9dde5ca9e28c9e39; Sheet IL=No; Fantrax IL slot=No,migration,MLB,\N,\N,\N
7,2026-01-01 00:00:00,2026-10-06 17:58:38.639867,2lcfvwbomk7scnai,060pm,SIGNED,7.0,2033,migration,migrated from Boe; move_type=Draft; acquisition_type=drafted; fa_year=2026+7=2033; migration_batch=9dde5ca9e28c9e39; Sheet IL=No; Fantrax IL slot=No,migration,MLB,\N,\N,\N
8,2026-01-01 00:00:00,2026-10-06 17:58:38.639867,2lcfvwbomk7scnai,04qii,SIGNED,2.0,2028,migration,migrated from Boe; move_type=Draft; acquisition_type=drafted; fa_year=2026+2=2028; migration_batch=9dde5ca9e28c9e39; Sheet IL=No; Fantrax IL slot=No,migration,MLB,\N,\N,\N
9,2026-01-01 00:00:00,2026-10-06 17:58:38.639867,2lcfvwbomk7scnai,04qii,DROPPED,1.0,2028,migration,migrated from Boe; dropped; migration_batch=9dde5ca9e28c9e39; drop_year_default=2026; drop_penalty=constitution half remaining years; Sheet IL=No; Fantrax IL slot=No,migration,MLB,\N,\N,\N
10,2026-01-01 00:00:00,2026-10-06 17:58:38.639867,2lcfvwbomk7scnai,06aly,CALLED_UP,4.0,2030,migration,migrated from Boe; move_type=Promoted; acquisition_type=called_up; fa_year=2026+4=2030; migration_batch=9dde5ca9e28c9e39; Sheet IL=No; Fantrax IL slot=No,migration,MLB,\N,\N,\N
11,2026-01-01 00:00:00,2026-10-06 17:58:38.639867,2lcfvwbomk7scnai,0629b,SIGNED,3.0,2029,migration,"migrated from Boe; move_type=Waiver (assumed: blank Move Type, <=3 years); acquisition_type=waiver; fa_year=2026+3=2029; migration_batch=9dde5ca9e28c9e39; Sheet IL=No; Fantrax IL slot=No",migration,MLB,\N,\N,\N
12,2026-01-01 00:00:00,2026-10-06 17:58:38.639867,2lcfvwbomk7scnai,05y7s,SIGNED,7.0,2033,migration,migrated from Boe; move_type=Draft; acquisition_type=drafted; fa_year=2026+7=2033; migration_batch=9dde5ca9e28c9e39; Sheet IL=No; Fantrax IL slot=No,migration,MLB,\N,\N,\N
13,2026-01-01 00:00:00,2026-10-06 17:58:38.639867,2lcfvwbomk7scnai,061yu,SIGNED,7.0,2033,migration,migrated from Boe; move_type=Draft; acquisition_type=drafted; fa_year=2026+7=2033; migration_batch=9dde5ca9e28c9e39; Sheet IL=No; Fantrax IL slot=No,migration,MLB,\N,\N,\N
14,2026-01-01 00:00:00,2026-10-06 17:58:38.639867,2lcfvwbomk7scnai,06icx,CALLED_UP,2.0,2028,migration,migrated from Boe; move_type=Promoted; acquisition_type=called_up; fa_year=2026+2=2028; migration_batch=9dde5ca9e28c9e39; Sheet IL=No; Fantrax IL slot=No,migration,MLB,\N,\N,\N
15,2026-01-01 00:00:00,2026-10-06 17:58:38.639867,2lcfvwbomk7scnai,05u3u,SIGNED,7.0,2033,migration,migrated from Boe; move_type=Draft; acquisition_type=drafted; fa_year=2026+7=2033; migration_batch=9dde5ca9e28c9e39; Sheet IL=No; Fantrax IL slot=No,migration,MLB,\N,\N,\N
16,2026-01-01 00:00:00,2026-10-06 17:58:38.639867,mjhiu8tsmk7scnai,04lgp,SIGNED,7.0,2033,migration,migrated from Maloun; move_type=Draft; acquisition_type=drafted; fa_year=2026+7=2033; migration_batch=9dde5ca9e28c9e39; Sheet IL=No; Fantrax IL slot=No,migration,MLB,\N,\N,\N
17,2026-01-01 00:00:00,2026-10-06 17:58:38.639867,mjhiu8tsmk7scnai,0326s,SIGNED,2.0,2028,migration,migrated from Maloun; move_type=Draft; acquisition_type=drafted; fa_year=2026+2=2028; migration_batch=9dde5ca9e28c9e39; Sheet IL=No; Fantrax IL slot=No,migration,MLB,\N,\N,\N
18,2026-01-01 00:00:00,2026-10-06 17:58:38.639867,mjhiu8tsmk7scnai,04nb2,SIGNED,4.0,2030,migration,migrated from Maloun; move_type=Draft; acquisition_type=drafted; fa_year=2026+4=2030; migration_batch=9dde5ca9e28c9e39; Sheet IL=No; Fantrax IL slot=No,migration,MLB,\N,\N,\N
19,2026-01-01 00:00:00,2026-10-06 17:58:38.639867,mjhiu8tsmk7scnai,04pst,SIGNED,2.0,2028,migration,migrated from Maloun; move_type=Draft; acquisition_type=drafted; fa_year=2026+2=2028; migration_batch=9dde5ca9e28c9e39; Sheet IL=No; Fantrax IL slot=No,migration,MLB,\N,\N,\N
20,2026-01-01 00:00:00,2026-10-06 17:58:38.639867,mjhiu8tsmk7scnai,030uc,SIGNED,4.0,2030,migration,migrated from Maloun; move_type=Draft; acquisition_type=drafted; fa_year=2026+4=2030; migration_batch=9dde5ca9e28c9e39; Sheet IL=No; Fantrax IL slot=No,migration,MLB,\N,\N,\N
21,2026-01-01 00:00:00,2026-10-06 17:58:38.639867,mjhiu8tsmk7scnai,04yie,SIGNED,4.0,2030,migration,migrated from Maloun; move_type=Draft; acquisition_type=drafted; fa_year=2026+4=2030; migration_batch=9dde5ca9e28c9e39; Sheet IL=No; Fantrax IL slot=No,migration,MLB,\N,\N,\N
22,2026-01-01 00:00:00,2026-10-06 17:58:38.639867,mjhiu8tsmk7scnai,041ma,SIGNED,3.0,2029,migration,migrated from Maloun; move_type=Draft; acquisition_type=drafted; fa_year=2026+3=2029; migration_batch=9dde5ca9e28c9e39; IL=Yes; cross-check Fantrax Inj Res slot; Sheet IL=Yes; Fantrax IL slot=Yes,migration,MLB,\N,\N,\N
23,2026-01-01 00:00:00,2026-10-06 17:58:38.639867,mjhiu8tsmk7scnai,03120,SIGNED,2.0,2028,migration,migrated from Maloun; move_type=Draft; acquisition_type=drafted; fa_year=2026+2=2028; migration_batch=9dde5ca9e28c9e39; Sheet IL=No; Fantrax IL slot=No,migration,MLB,\N,\N,\N
24,2026-01-01 00:00:00,2026-10-06 17:58:38.639867,mjhiu8tsmk7scnai,05u9q,SIGNED,5.0,2031,migration,migrated from Maloun; move_type=Draft; acquisition_type=drafted; fa_year=2026+5=2031; migration_batch=9dde5ca9e28c9e39; Sheet IL=No; Fantrax IL slot=No,migration,MLB,\N,\N,\N
25,2026-01-01 00:00:00,2026-10-06 17:58:38.639867,mjhiu8tsmk7scnai,05y2l,SIGNED,4.0,2030,migration,migrated from Maloun; move_type=Draft; acquisition_type=drafted; fa_year=2026+4=2030; migration_batch=9dde5ca9e28c9e39; player_match=fuzzy; similarity=0.963; Sheet IL=No; Fantrax IL slot=No,migration,MLB,\N,\N,\N
26,2026-01-01 00:00:00,2026-10-06 17:58:38.639867,mjhiu8tsmk7scnai,05tq1,SIGNED,3.0,2029,migration,migrated from Maloun; move_type=Draft; acquisition_type=drafted; fa_year=2026+3=2029; migration_batch=9dde5ca9e28c9e39; IL=Yes; cross-check Fantrax Inj Res slot; Sheet IL=Yes; Fantrax IL slot=Yes,migration,MLB,\N,\N,\N
27,2026-01-01 00:00:00,2026-10-06 17:58:38.639867,mjhiu8tsmk7scnai,05gsc,SIGNED,3.0,2029,migration,migrated from Maloun; move_type=Draft; acquisition_type=drafted; fa_year=2026+3=2029; migration_batch=9dde5ca9e28c9e39; IL=Yes; cross-check Fantrax Inj Res slot; Sheet IL=Yes; Fantrax IL slot=Yes,migration,MLB,\N,\N,\N
28,2026-01-01 00:00:00,2026-10-06 17:58:38.639867,mjhiu8tsmk7scnai,042sz,SIGNED,2.0,2028,migration,migrated from Maloun; move_type=Draft; acquisition_type=drafted; fa_year=2026+2=2028; migration_batch=9dde5ca9e28c9e39; player_match=fuzzy; similarity=1.000; Sheet IL=No; Fantrax IL slot=Yes,migration,MLB,\N,\N,\N
29,2026-01-01 00:00:00,2026-10-06 17:58:38.639867,mjhiu8tsmk7scnai,047l7,SIGNED,2.0,2028,migration,migrated from Maloun; move_type=Draft; acquisition_type=drafted; fa_year=2026+2=2028; migration_batch=9dde5ca9e28c9e39; IL=Yes; cross-check Fantrax Inj Res slot; Sheet IL=Yes; Fantrax IL slot=No,migration,MLB,\N,\N,\N
30,2026-01-01 00:00:00,2026-10-06 17:58:38.639867,mjhiu8tsmk7scnai,050c3,SIGNED,3.0,2029,migration,migrated from Maloun; move_type=Draft; acquisition_type=drafted; fa_year=2026+3=2029; migration_batch=9dde5ca9e28c9e39; IL=Yes; cross-check Fantrax Inj Res slot; Sheet IL=Yes; Fantrax IL slot=No,migration,MLB,\N,\N,\N
31,2026-01-01 00:00:00,2026-10-06 17:58:38.639867,mjhiu8tsmk7scnai,05jq2,SIGNED,4.0,2030,migration,migrated from Maloun; move_type=Draft; acquisition_type=drafted; fa_year=2026+4=2030; migration_batch=9dde5ca9e28c9e39; Sheet IL=No; Fantrax IL slot=No,migration,MLB,\N,\N,\N
32,2026-01-01 00:00:00,2026-10-06 17:58:38.639867,mjhiu8tsmk7scnai,05r01,SIGNED,2.0,2028,migration,migrated from Maloun; move_type=Draft; acquisition_type=drafted; fa_year=2026+2=2028; migration_batch=9dde5ca9e28c9e39; Sheet IL=No; Fantrax IL slot=No,migration,MLB,\N,\N,\N
33,2026-01-01 00:00:00,2026-10-06 17:58:38.639867,mjhiu8tsmk7scnai,05vy6,SIGNED,2.0,2028,migration,migrated from Maloun; move_type=Draft; acquisition_type=drafted; fa_year=2026+2=2028; migration_batch=9dde5ca9e28c9e39; Sheet IL=No; Fantrax IL slot=No,migration,MLB,\N,\N,\N
34,2026-01-01 00:00:00,2026-10-06 17:58:38.639867,mjhiu8tsmk7scnai,05t9l,SIGNED,2.0,2028,migration,migrated from Maloun; move_type=Draft; acquisition_type=drafted; fa_year=2026+2=2028; migration_batch=9dde5ca9e28c9e39; player_match=fuzzy; similarity=1.000; IL=Yes; cross-check Fantrax Inj Res slot; Sheet IL=Yes; Fantrax IL slot=No,migration,MLB,\N,\N,\N
35,2026-01-01 00:00:00,2026-10-06 17:58:38.639867,mjhiu8tsmk7scnai,050vn,SIGNED,3.0,2029,migration,migrated from Maloun; move_type=Draft; acquisition_type=drafted; fa_year=2026+3=2029; migration_batch=9dde5ca9e28c9e39; IL=Yes; cross-check Fantrax Inj Res slot; Sheet IL=Yes; Fantrax IL slot=Yes,migration,MLB,\N,\N,\N
36,2026-01-01 00:00:00,2026-10-06 17:58:38.639867,mjhiu8tsmk7scnai,05rfu,SIGNED,2.0,2028,migration,migrated from Maloun; move_type=Draft; acquisition_type=drafted; fa_year=2026+2=2028; migration_batch=9dde5ca9e28c9e39; Sheet IL=No; Fantrax IL slot=No,migration,MLB,\N,\N,\N
37,2026-01-01 00:00:00,2026-10-06 17:58:38.639867,1t779zvsmk7scnai,04hyc,SIGNED,5.0,2031,migration,migrated from Hoffman; move_type=Draft; acquisition_type=drafted; fa_year=2026+5=2031; migration_batch=9dde5ca9e28c9e39; Sheet IL=No; Fantrax IL slot=No,migration,MLB,\N,\N,\N
38,2026-01-01 00:00:00,2026-10-06 17:58:38.639867,1t779zvsmk7scnai,04q2n,SIGNED,2.0,2028,migration,migrated from Hoffman; move_type=Draft; acquisition_type=drafted; fa_year=2026+2=2028; migration_batch=9dde5ca9e28c9e39; IL=Yes; cross-check Fantrax Inj Res slot; Sheet IL=Yes; Fantrax IL slot=No,migration,MLB,\N,\N,\N
39,2026-01-01 00:00:00,2026-10-06 17:58:38.639867,1t779zvsmk7scnai,062k5,SIGNED,7.0,2033,migration,migrated from Hoffman; move_type=Draft; acquisition_type=drafted; fa_year=2026+7=2033; migration_batch=9dde5ca9e28c9e39; IL=Yes; cross-check Fantrax Inj Res slot; Sheet IL=Yes; Fantrax IL slot=Yes,migration,MLB,\N,\N,\N
40,2026-01-01 00:00:00,2026-10-06 17:58:38.639867,1t779zvsmk7scnai,05xch,SIGNED,7.0,2033,migration,migrated from Hoffman; move_type=Draft; acquisition_type=drafted; fa_year=2026+7=2033; migration_batch=9dde5ca9e28c9e39; Sheet IL=No; Fantrax IL slot=No,migration,MLB,\N,\N,\N
41,2026-01-01 00:00:00,2026-10-06 17:58:38.639867,1t779zvsmk7scnai,01ub6,SIGNED,2.0,2028,migration,"migrated from Hoffman; move_type=Draft; acquisition_type=drafted; fa_year=2026+2=2028; migration_batch=9dde5ca9e28c9e39; current_roster_owner=Hoffman; manual_resolution=3B sheet position identifies Ramirez, Jose (CLE); do not use the RP Harold Ramirez alias.; Sheet IL=No; Fantrax IL slot=No",migration,MLB,\N,\N,\N
42,2026-01-01 00:00:00,2026-10-06 17:58:38.639867,1t779zvsmk7scnai,02611,SIGNED,2.0,2028,migration,migrated from Hoffman; move_type=Draft; acquisition_type=drafted; fa_year=2026+2=2028; migration_batch=9dde5ca9e28c9e39; Sheet IL=No; Fantrax IL slot=No,migration,MLB,\N,\N,\N
43,2026-01-01 00:00:00,2026-10-06 17:58:38.639867,1t779zvsmk7scnai,05rat,SIGNED,7.0,2033,migration,migrated from Hoffman; move_type=Draft; acquisition_type=drafted; fa_year=2026+7=2033; migration_batch=9dde5ca9e28c9e39; IL=Yes; cross-check Fantrax Inj Res slot; Sheet IL=Yes; Fantrax IL slot=Yes,migration,MLB,\N,\N,\N
44,2026-01-01 00:00:00,2026-10-06 17:58:38.639867,1t779zvsmk7scnai,05ua7,SIGNED,7.0,2033,migration,migrated from Hoffman; move_type=Draft; acquisition_type=drafted; fa_year=2026+7=2033; migration_batch=9dde5ca9e28c9e39; Sheet IL=No; Fantrax IL slot=No,migration,MLB,\N,\N,\N
45,2026-01-01 00:00:00,2026-10-06 17:58:38.639867,1t779zvsmk7scnai,05gtn,SIGNED,6.0,2032,migration,migrated from Hoffman; move_type=Draft; acquisition_type=drafted; fa_year=2026+6=2032; migration_batch=9dde5ca9e28c9e39; Sheet IL=No; Fantrax IL slot=Yes,migration,MLB,\N,\N,\N
46,2026-01-01 00:00:00,2026-10-06 17:58:38.639867,1t779zvsmk7scnai,05rb3,CALLED_UP,7.0,2033,migration,migrated from Hoffman; move_type=Promoted; acquisition_type=called_up; fa_year=2026+7=2033; migration_batch=9dde5ca9e28c9e39; Sheet IL=No; Fantrax IL slot=No,migration,MLB,\N,\N,\N
47,2026-01-01 00:00:00,2026-10-06 17:58:38.639867,1t779zvsmk7scnai,05y62,SIGNED,6.0,2032,migration,migrated from Hoffman; move_type=Draft; acquisition_type=drafted; fa_year=2026+6=2032; migration_batch=9dde5ca9e28c9e39; current_roster_owner=Hoffman; manual_resolution=Commissioner-confirmed Brian Woo is on Dinger Dave's Demo Squad.; Sheet IL=No; Fantrax IL slot=No,migration,MLB,\N,\N,\N
48,2026-01-01 00:00:00,2026-10-06 17:58:38.639867,1t779zvsmk7scnai,04ps7,SIGNED,3.0,2029,migration,migrated from Hoffman; move_type=Draft; acquisition_type=drafted; fa_year=2026+3=2029; migration_batch=9dde5ca9e28c9e39; Sheet IL=No; Fantrax IL slot=Yes,migration,MLB,\N,\N,\N
49,2026-01-01 00:00:00,2026-10-06 17:58:38.639867,1t779zvsmk7scnai,0311c,SIGNED,2.0,2028,migration,migrated from Hoffman; move_type=Draft; acquisition_type=drafted; fa_year=2026+2=2028; migration_batch=9dde5ca9e28c9e39; Sheet IL=No; Fantrax IL slot=No,migration,MLB,\N,\N,\N
50,2026-01-01 00:00:00,2026-10-06 17:58:38.639867,1t779zvsmk7scnai,0311c,DROPPED,1.0,2028,migration,migrated from Hoffman; dropped; migration_batch=9dde5ca9e28c9e39; drop_year_default=2026; drop_penalty=constitution half remaining years; Sheet IL=No; Fantrax IL slot=No,migration,MLB,\N,\N,\N
51,2026-01-01 00:00:00,2026-10-06 17:58:38.639867,1t779zvsmk7scnai,04aqc,SIGNED,2.0,2028,migration,migrated from Hoffman; move_type=Draft; acquisition_type=drafted; fa_year=2026+2=2028; migration_batch=9dde5ca9e28c9e39; Sheet IL=No; Fantrax IL slot=No,migration,MLB,\N,\N,\N
52,2026-01-01 00:00:00,2026-10-06 17:58:38.639867,s4wcyba8mk7scnai,05yo5,SIGNED,6.0,2032,migration,migrated from Pecora; move_type=Draft; acquisition_type=drafted; fa_year=2026+6=2032; migration_batch=9dde5ca9e28c9e39; Sheet IL=No; Fantrax IL slot=No,migration,MLB,\N,\N,\N
53,2026-01-01 00:00:00,2026-10-06 17:58:38.639867,s4wcyba8mk7scnai,05184,SIGNED,4.0,2030,migration,migrated from Pecora; move_type=Draft; acquisition_type=drafted; fa_year=2026+4=2030; migration_batch=9dde5ca9e28c9e39; Sheet IL=No; Fantrax IL slot=No,migration,MLB,\N,\N,\N
54,2026-01-01 00:00:00,2026-10-06 17:58:38.639867,s4wcyba8mk7scnai,04b00,SIGNED,4.0,2030,migration,migrated from Pecora; move_type=Draft; acquisition_type=drafted; fa_year=2026+4=2030; migration_batch=9dde5ca9e28c9e39; Sheet IL=No; Fantrax IL slot=No,migration,MLB,\N,\N,\N
55,2026-01-01 00:00:00,2026-10-06 17:58:38.639867,s4wcyba8mk7scnai,04071,SIGNED,3.0,2029,migration,migrated from Pecora; move_type=Draft; acquisition_type=drafted; fa_year=2026+3=2029; migration_batch=9dde5ca9e28c9e39; Sheet IL=No; Fantrax IL slot=No,migration,MLB,\N,\N,\N
56,2026-01-01 00:00:00,2026-10-06 17:58:38.639867,s4wcyba8mk7scnai,04qk8,SIGNED,4.0,2030,migration,migrated from Pecora; move_type=Draft; acquisition_type=drafted; fa_year=2026+4=2030; migration_batch=9dde5ca9e28c9e39; Sheet IL=No; Fantrax IL slot=No,migration,MLB,\N,\N,\N
57,2026-01-01 00:00:00,2026-10-06 17:58:38.639867,s4wcyba8mk7scnai,02z0s,SIGNED,4.0,2030,migration,migrated from Pecora; move_type=Draft; acquisition_type=drafted; fa_year=2026+4=2030; migration_batch=9dde5ca9e28c9e39; IL=Yes; cross-check Fantrax Inj Res slot; Sheet IL=Yes; Fantrax IL slot=Yes,migration,MLB,\N,\N,\N
58,2026-01-01 00:00:00,2026-10-06 17:58:38.639867,s4wcyba8mk7scnai,05jrh,CALLED_UP,4.0,2030,migration,migrated from Pecora; move_type=Promoted; acquisition_type=called_up; fa_year=2026+4=2030; migration_batch=9dde5ca9e28c9e39; Sheet IL=No; Fantrax IL slot=No,migration,MLB,\N,\N,\N
59,2026-01-01 00:00:00,2026-10-06 17:58:38.639867,s4wcyba8mk7scnai,03pir,SIGNED,4.0,2030,migration,migrated from Pecora; move_type=Draft; acquisition_type=drafted; fa_year=2026+4=2030; migration_batch=9dde5ca9e28c9e39; Sheet IL=No; Fantrax IL slot=No,migration,MLB,\N,\N,\N
60,2026-01-01 00:00:00,2026-10-06 17:58:38.639867,s4wcyba8mk7scnai,05y3u,SIGNED,2.0,2028,migration,migrated from Pecora; move_type=Draft; acquisition_type=drafted; fa_year=2026+2=2028; migration_batch=9dde5ca9e28c9e39; Sheet IL=No; Fantrax IL slot=No,migration,MLB,\N,\N,\N
61,2026-01-01 00:00:00,2026-10-06 17:58:38.639867,s4wcyba8mk7scnai,05rch,SIGNED,5.0,2031,migration,migrated from Pecora; move_type=Draft; acquisition_type=drafted; fa_year=2026+5=2031; migration_batch=9dde5ca9e28c9e39; Sheet IL=No; Fantrax IL slot=No,migration,MLB,\N,\N,\N
62,2026-01-01 00:00:00,2026-10-06 17:58:38.639867,s4wcyba8mk7scnai,05gx4,SIGNED,3.0,2029,migration,migrated from Pecora; move_type=Draft; acquisition_type=drafted; fa_year=2026+3=2029; migration_batch=9dde5ca9e28c9e39; Sheet IL=No; Fantrax IL slot=No,migration,MLB,\N,\N,\N
63,2026-01-01 00:00:00,2026-10-06 17:58:38.639867,s4wcyba8mk7scnai,05r8n,SIGNED,3.0,2029,migration,migrated from Pecora; move_type=Draft; acquisition_type=drafted; fa_year=2026+3=2029; migration_batch=9dde5ca9e28c9e39; Sheet IL=No; Fantrax IL slot=No,migration,MLB,\N,\N,\N
64,2026-01-01 00:00:00,2026-10-06 17:58:38.639867,s4wcyba8mk7scnai,04auj,SIGNED,2.0,2028,migration,migrated from Pecora; move_type=Draft; acquisition_type=drafted; fa_year=2026+2=2028; migration_batch=9dde5ca9e28c9e39; Sheet IL=No; Fantrax IL slot=No,migration,MLB,\N,\N,\N
65,2026-01-01 00:00:00,2026-10-06 17:58:38.639867,s4wcyba8mk7scnai,04apj,SIGNED,3.0,2029,migration,migrated from Pecora; move_type=Draft; acquisition_type=drafted; fa_year=2026+3=2029; migration_batch=9dde5ca9e28c9e39; Sheet IL=No; Fantrax IL slot=No,migration,MLB,\N,\N,\N
66,2026-01-01 00:00:00,2026-10-06 17:58:38.639867,s4wcyba8mk7scnai,05u6q,SIGNED,4.0,2030,migration,migrated from Pecora; move_type=Draft; acquisition_type=drafted; fa_year=2026+4=2030; migration_batch=9dde5ca9e28c9e39; Sheet IL=No; Fantrax IL slot=No,migration,MLB,\N,\N,\N
67,2026-01-01 00:00:00,2026-10-06 17:58:38.639867,s4wcyba8mk7scnai,041ps,SIGNED,2.0,2028,migration,migrated from Pecora; move_type=Draft; acquisition_type=drafted; fa_year=2026+2=2028; migration_batch=9dde5ca9e28c9e39; IL=Yes; cross-check Fantrax Inj Res slot; Sheet IL=Yes; Fantrax IL slot=No,migration,MLB,\N,\N,\N
68,2026-01-01 00:00:00,2026-10-06 17:58:38.639867,s4wcyba8mk7scnai,05ge9,SIGNED,2.0,2028,migration,migrated from Pecora; move_type=Draft; acquisition_type=drafted; fa_year=2026+2=2028; migration_batch=9dde5ca9e28c9e39; Sheet IL=No; Fantrax IL slot=No,migration,MLB,\N,\N,\N
69,2026-01-01 00:00:00,2026-10-06 17:58:38.639867,0ur2ghtzmk7scnai,041pz,SIGNED,3.0,2029,migration,migrated from C. Pelton; move_type=Draft; acquisition_type=drafted; fa_year=2026+3=2029; migration_batch=9dde5ca9e28c9e39; Sheet IL=No; Fantrax IL slot=No,migration,MLB,\N,\N,\N
70,2026-01-01 00:00:00,2026-10-06 17:58:38.639867,0ur2ghtzmk7scnai,03pom,SIGNED,4.0,2030,migration,migrated from C. Pelton; move_type=Draft; acquisition_type=drafted; fa_year=2026+4=2030; migration_batch=9dde5ca9e28c9e39; Sheet IL=No; Fantrax IL slot=No,migration,MLB,\N,\N,\N
71,2026-01-01 00:00:00,2026-10-06 17:58:38.639867,0ur2ghtzmk7scnai,02mw6,SIGNED,2.0,2028,migration,migrated from C. Pelton; move_type=Draft; acquisition_type=drafted; fa_year=2026+2=2028; migration_batch=9dde5ca9e28c9e39; player_match=fuzzy; similarity=0.917; Sheet IL=No; Fantrax IL slot=No,migration,MLB,\N,\N,\N
72,2026-01-01 00:00:00,2026-10-06 17:58:38.639867,0ur2ghtzmk7scnai,03yrz,SIGNED,4.0,2030,migration,migrated from C. Pelton; move_type=Draft; acquisition_type=drafted; fa_year=2026+4=2030; migration_batch=9dde5ca9e28c9e39; Sheet IL=No; Fantrax IL slot=No,migration,MLB,\N,\N,\N
73,2026-01-01 00:00:00,2026-10-06 17:58:38.639867,0ur2ghtzmk7scnai,04fhb,SIGNED,7.0,2033,migration,migrated from C. Pelton; move_type=Draft; acquisition_type=drafted; fa_year=2026+7=2033; migration_batch=9dde5ca9e28c9e39; player_match=fuzzy; similarity=1.000; Sheet IL=No; Fantrax IL slot=No,migration,MLB,\N,\N,\N
74,2026-01-01 00:00:00,2026-10-06 17:58:38.639867,0ur2ghtzmk7scnai,04y4e,SIGNED,7.0,2033,migration,migrated from C. Pelton; move_type=Draft; acquisition_type=drafted; fa_year=2026+7=2033; migration_batch=9dde5ca9e28c9e39; Sheet IL=No; Fantrax IL slot=No,migration,MLB,\N,\N,\N
75,2026-01-01 00:00:00,2026-10-06 17:58:38.639867,0ur2ghtzmk7scnai,05m1e,SIGNED,7.0,2033,migration,migrated from C. Pelton; move_type=Draft; acquisition_type=drafted; fa_year=2026+7=2033; migration_batch=9dde5ca9e28c9e39; Sheet IL=No; Fantrax IL slot=No,migration,MLB,\N,\N,\N
76,2026-01-01 00:00:00,2026-10-06 17:58:38.639867,0ur2ghtzmk7scnai,02i2k,SIGNED,2.0,2028,migration,migrated from C. Pelton; move_type=Draft; acquisition_type=drafted; fa_year=2026+2=2028; migration_batch=9dde5ca9e28c9e39; IL=Yes; cross-check Fantrax Inj Res slot; Sheet IL=Yes; Fantrax IL slot=Yes,migration,MLB,\N,\N,\N
77,2026-01-01 00:00:00,2026-10-06 17:58:38.639867,0ur2ghtzmk7scnai,04ru5,SIGNED,5.0,2031,migration,migrated from C. Pelton; move_type=Draft; acquisition_type=drafted; fa_year=2026+5=2031; migration_batch=9dde5ca9e28c9e39; IL=Yes; cross-check Fantrax Inj Res slot; Sheet IL=Yes; Fantrax IL slot=Yes,migration,MLB,\N,\N,\N
78,2026-01-01 00:00:00,2026-10-06 17:58:38.639867,0ur2ghtzmk7scnai,04aea,SIGNED,5.0,2031,migration,migrated from C. Pelton; move_type=Draft; acquisition_type=drafted; fa_year=2026+5=2031; migration_batch=9dde5ca9e28c9e39; IL=Yes; cross-check Fantrax Inj Res slot; Sheet IL=Yes; Fantrax IL slot=Yes,migration,MLB,\N,\N,\N
79,2026-01-01 00:00:00,2026-10-06 17:58:38.639867,0ur2ghtzmk7scnai,052c8,SIGNED,3.0,2029,migration,migrated from C. Pelton; move_type=Draft; acquisition_type=drafted; fa_year=2026+3=2029; migration_batch=9dde5ca9e28c9e39; Sheet IL=No; Fantrax IL slot=No,migration,MLB,\N,\N,\N
80,2026-01-01 00:00:00,2026-10-06 17:58:38.639867,0ur2ghtzmk7scnai,04pq4,SIGNED,2.0,2028,migration,migrated from C. Pelton; move_type=Draft; acquisition_type=drafted; fa_year=2026+2=2028; migration_batch=9dde5ca9e28c9e39; IL=Yes; cross-check Fantrax Inj Res slot; Sheet IL=Yes; Fantrax IL slot=Yes,migration,MLB,\N,\N,\N
81,2026-01-01 00:00:00,2026-10-06 17:58:38.639867,0ur2ghtzmk7scnai,03df2,SIGNED,2.0,2028,migration,migrated from C. Pelton; move_type=Draft; acquisition_type=drafted; fa_year=2026+2=2028; migration_batch=9dde5ca9e28c9e39; Sheet IL=No; Fantrax IL slot=No,migration,MLB,\N,\N,\N
82,2026-01-01 00:00:00,2026-10-06 17:58:38.639867,0ur2ghtzmk7scnai,04pmq,CALLED_UP,3.0,2029,migration,migrated from C. Pelton; move_type=Promoted; acquisition_type=called_up; fa_year=2026+3=2029; migration_batch=9dde5ca9e28c9e39; IL=Yes; cross-check Fantrax Inj Res slot; Sheet IL=Yes; Fantrax IL slot=Yes,migration,MLB,\N,\N,\N
83,2026-01-01 00:00:00,2026-10-06 17:58:38.639867,0ur2ghtzmk7scnai,02bqr,SIGNED,2.0,2028,migration,migrated from C. Pelton; move_type=Waiver; acquisition_type=waiver; fa_year=2026+2=2028; migration_batch=9dde5ca9e28c9e39; Sheet IL=No; Fantrax IL slot=No,migration,MLB,\N,\N,\N
84,2026-01-01 00:00:00,2026-10-06 17:58:38.639867,0ur2ghtzmk7scnai,04eee,SIGNED,2.0,2028,migration,migrated from C. Pelton; move_type=Waiver; acquisition_type=waiver; fa_year=2026+2=2028; migration_batch=9dde5ca9e28c9e39; Sheet IL=No; Fantrax IL slot=No,migration,MLB,\N,\N,\N
85,2026-01-01 00:00:00,2026-10-06 17:58:38.639867,h27d3vjimk7scnai,05wru,SIGNED,7.0,2033,migration,migrated from W. Pelton; move_type=Draft; acquisition_type=drafted; fa_year=2026+7=2033; migration_batch=9dde5ca9e28c9e39; Sheet IL=No; Fantrax IL slot=No,migration,MLB,\N,\N,\N
86,2026-01-01 00:00:00,2026-10-06 17:58:38.639867,h27d3vjimk7scnai,05u2v,SIGNED,3.0,2029,migration,migrated from W. Pelton; move_type=Draft; acquisition_type=drafted; fa_year=2026+3=2029; migration_batch=9dde5ca9e28c9e39; Sheet IL=No; Fantrax IL slot=No,migration,MLB,\N,\N,\N
87,2026-01-01 00:00:00,2026-10-06 17:58:38.639867,h27d3vjimk7scnai,05g3x,SIGNED,4.0,2030,migration,migrated from W. Pelton; move_type=Draft; acquisition_type=drafted; fa_year=2026+4=2030; migration_batch=9dde5ca9e28c9e39; IL=Yes; cross-check Fantrax Inj Res slot; Sheet IL=Yes; Fantrax IL slot=Yes,migration,MLB,\N,\N,\N
88,2026-01-01 00:00:00,2026-10-06 17:58:38.639867,h27d3vjimk7scnai,05udp,SIGNED,7.0,2033,migration,migrated from W. Pelton; move_type=Draft; acquisition_type=drafted; fa_year=2026+7=2033; migration_batch=9dde5ca9e28c9e39; Sheet IL=No; Fantrax IL slot=No,migration,MLB,\N,\N,\N
89,2026-01-01 00:00:00,2026-10-06 17:58:38.639867,h27d3vjimk7scnai,04e2u,SIGNED,2.0,2028,migration,migrated from W. Pelton; move_type=Draft; acquisition_type=drafted; fa_year=2026+2=2028; migration_batch=9dde5ca9e28c9e39; IL=Yes; cross-check Fantrax Inj Res slot; Sheet IL=Yes; Fantrax IL slot=Yes,migration,MLB,\N,\N,\N
90,2026-01-01 00:00:00,2026-10-06 17:58:38.639867,h27d3vjimk7scnai,051em,SIGNED,4.0,2030,migration,migrated from W. Pelton; move_type=Draft; acquisition_type=drafted; fa_year=2026+4=2030; migration_batch=9dde5ca9e28c9e39; IL=Yes; cross-check Fantrax Inj Res slot; Sheet IL=Yes; Fantrax IL slot=Yes,migration,MLB,\N,\N,\N
91,2026-01-01 00:00:00,2026-10-06 17:58:38.639867,h27d3vjimk7scnai,04pr1,SIGNED,3.0,2029,migration,migrated from W. Pelton; move_type=Draft; acquisition_type=drafted; fa_year=2026+3=2029; migration_batch=9dde5ca9e28c9e39; current_roster_owner=W. Pelton; manual_resolution=Commissioner-confirmed Stephen Kwan is on Mighty Melon Heads.; Sheet IL=No; Fantrax IL slot=No,migration,MLB,\N,\N,\N
92,2026-01-01 00:00:00,2026-10-06 17:58:38.639867,h27d3vjimk7scnai,04ppj,SIGNED,3.0,2029,migration,migrated from W. Pelton; move_type=Draft; acquisition_type=drafted; fa_year=2026+3=2029; migration_batch=9dde5ca9e28c9e39; Sheet IL=No; Fantrax IL slot=No,migration,MLB,\N,\N,\N
93,2026-01-01 00:00:00,2026-10-06 17:58:38.639867,h27d3vjimk7scnai,05xu5,SIGNED,6.0,2032,migration,migrated from W. Pelton; move_type=Draft; acquisition_type=drafted; fa_year=2026+6=2032; migration_batch=9dde5ca9e28c9e39; Sheet IL=No; Fantrax IL slot=No,migration,MLB,\N,\N,\N
94,2026-01-01 00:00:00,2026-10-06 17:58:38.639867,h27d3vjimk7scnai,03cag,SIGNED,3.0,2029,migration,migrated from W. Pelton; move_type=Draft; acquisition_type=drafted; fa_year=2026+3=2029; migration_batch=9dde5ca9e28c9e39; Sheet IL=No; Fantrax IL slot=No,migration,MLB,\N,\N,\N
95,2026-01-01 00:00:00,2026-10-06 17:58:38.639867,h27d3vjimk7scnai,05u9o,CALLED_UP,7.0,2033,migration,migrated from W. Pelton; move_type=Promoted; acquisition_type=called_up; fa_year=2026+7=2033; migration_batch=9dde5ca9e28c9e39; Sheet IL=No; Fantrax IL slot=No,migration,MLB,\N,\N,\N
96,2026-01-01 00:00:00,2026-10-06 17:58:38.639867,h27d3vjimk7scnai,04pks,CALLED_UP,4.0,2030,migration,migrated from W. Pelton; move_type=Promoted; acquisition_type=called_up; fa_year=2026+4=2030; migration_batch=9dde5ca9e28c9e39; Sheet IL=No; Fantrax IL slot=No,migration,MLB,\N,\N,\N
97,2026-01-01 00:00:00,2026-10-06 17:58:38.639867,h27d3vjimk7scnai,05144,SIGNED,4.0,2030,migration,migrated from W. Pelton; move_type=Draft; acquisition_type=drafted; fa_year=2026+4=2030; migration_batch=9dde5ca9e28c9e39; Sheet IL=No; Fantrax IL slot=No,migration,MLB,\N,\N,\N
98,2026-01-01 00:00:00,2026-10-06 17:58:38.639867,h27d3vjimk7scnai,03dbm,SIGNED,4.0,2030,migration,migrated from W. Pelton; move_type=Draft; acquisition_type=drafted; fa_year=2026+4=2030; migration_batch=9dde5ca9e28c9e39; Sheet IL=No; Fantrax IL slot=No,migration,MLB,\N,\N,\N
99,2026-01-01 00:00:00,2026-10-06 17:58:38.639867,h27d3vjimk7scnai,04ak5,SIGNED,3.0,2029,migration,migrated from W. Pelton; move_type=Draft; acquisition_type=drafted; fa_year=2026+3=2029; migration_batch=9dde5ca9e28c9e39; Sheet IL=No; Fantrax IL slot=No,migration,MLB,\N,\N,\N
100,2026-01-01 00:00:00,2026-10-06 17:58:38.639867,h27d3vjimk7scnai,04pmb,SIGNED,2.0,2028,migration,migrated from W. Pelton; move_type=Draft; acquisition_type=drafted; fa_year=2026+2=2028; migration_batch=9dde5ca9e28c9e39; IL=Yes; cross-check Fantrax Inj Res slot; Sheet IL=Yes; Fantrax IL slot=Yes,migration,MLB,\N,\N,\N
101,2026-01-01 00:00:00,2026-10-06 17:58:38.639867,h27d3vjimk7scnai,04tlv,SIGNED,2.0,2028,migration,migrated from W. Pelton; move_type=Waiver; acquisition_type=waiver; fa_year=2026+2=2028; migration_batch=9dde5ca9e28c9e39; current_roster_owner=W. Pelton; manual_resolution=Commissioner-confirmed Brian Abreu is on Mighty Melon Heads.; Sheet IL=No; Fantrax IL slot=No,migration,MLB,\N,\N,\N
102,2026-01-01 00:00:00,2026-10-06 17:58:38.639867,h27d3vjimk7scnai,03btv,SIGNED,2.0,2028,migration,migrated from W. Pelton; move_type=Waiver; acquisition_type=waiver; fa_year=2026+2=2028; migration_batch=9dde5ca9e28c9e39; Sheet IL=No; Fantrax IL slot=No,migration,MLB,\N,\N,\N
103,2026-01-01 00:00:00,2026-10-06 17:58:38.639867,h27d3vjimk7scnai,041rd,SIGNED,2.0,2028,migration,migrated from W. Pelton; move_type=Waiver; acquisition_type=waiver; fa_year=2026+2=2028; migration_batch=9dde5ca9e28c9e39; current_roster_owner=W. Pelton; manual_resolution=Commissioner-confirmed Corbin Burnes is on Mighty Melon Heads.; Sheet IL=No; Fantrax IL slot=No,migration,MLB,\N,\N,\N
104,2026-01-01 00:00:00,2026-10-06 17:58:38.639867,2zq83f02mk7scnaj,04o4s,SIGNED,3.0,2029,migration,migrated from Pitlock; move_type=Draft; acquisition_type=drafted; fa_year=2026+3=2029; migration_batch=9dde5ca9e28c9e39; Sheet IL=No; Fantrax IL slot=No,migration,MLB,\N,\N,\N
105,2026-01-01 00:00:00,2026-10-06 17:58:38.639867,2zq83f02mk7scnaj,03pjd,SIGNED,4.0,2030,migration,migrated from Pitlock; move_type=Draft; acquisition_type=drafted; fa_year=2026+4=2030; migration_batch=9dde5ca9e28c9e39; Sheet IL=No; Fantrax IL slot=No,migration,MLB,\N,\N,\N
106,2026-01-01 00:00:00,2026-10-06 17:58:38.639867,2zq83f02mk7scnaj,045qo,SIGNED,6.0,2032,migration,migrated from Pitlock; move_type=Draft; acquisition_type=drafted; fa_year=2026+6=2032; migration_batch=9dde5ca9e28c9e39; Sheet IL=No; Fantrax IL slot=No,migration,MLB,\N,\N,\N
107,2026-01-01 00:00:00,2026-10-06 17:58:38.639867,2zq83f02mk7scnaj,03qjy,SIGNED,2.0,2028,migration,migrated from Pitlock; move_type=Draft; acquisition_type=drafted; fa_year=2026+2=2028; migration_batch=9dde5ca9e28c9e39; Sheet IL=No; Fantrax IL slot=No,migration,MLB,\N,\N,\N
108,2026-01-01 00:00:00,2026-10-06 17:58:38.639867,0ur2ghtzmk7scnai,04prt,SIGNED,3.0,2029,migration,migrated from Pitlock; move_type=Draft; acquisition_type=drafted; fa_year=2026+3=2029; migration_batch=9dde5ca9e28c9e39; Sheet IL=No; Fantrax IL slot=No,migration,MLB,\N,\N,\N
109,2026-01-01 00:00:00,2026-10-06 17:58:38.639867,2zq83f02mk7scnaj,03zlh,SIGNED,3.0,2029,migration,migrated from Pitlock; move_type=Draft; acquisition_type=drafted; fa_year=2026+3=2029; migration_batch=9dde5ca9e28c9e39; Sheet IL=No; Fantrax IL slot=No,migration,MLB,\N,\N,\N
110,2026-01-01 00:00:00,2026-10-06 17:58:38.639867,2zq83f02mk7scnaj,03ynj,SIGNED,7.0,2033,migration,migrated from Pitlock; move_type=Draft; acquisition_type=drafted; fa_year=2026+7=2033; migration_batch=9dde5ca9e28c9e39; Sheet IL=No; Fantrax IL slot=No,migration,MLB,\N,\N,\N
111,2026-01-01 00:00:00,2026-10-06 17:58:38.639867,2zq83f02mk7scnaj,04355,SIGNED,6.0,2032,migration,migrated from Pitlock; move_type=Draft; acquisition_type=drafted; fa_year=2026+6=2032; migration_batch=9dde5ca9e28c9e39; Sheet IL=No; Fantrax IL slot=No,migration,MLB,\N,\N,\N
112,2026-01-01 00:00:00,2026-10-06 17:58:38.639867,2zq83f02mk7scnaj,05ajh,SIGNED,7.0,2033,migration,migrated from Pitlock; move_type=Draft; acquisition_type=drafted; fa_year=2026+7=2033; migration_batch=9dde5ca9e28c9e39; IL=Yes; cross-check Fantrax Inj Res slot; Sheet IL=Yes; Fantrax IL slot=Yes,migration,MLB,\N,\N,\N
113,2026-01-01 00:00:00,2026-10-06 17:58:38.639867,2zq83f02mk7scnaj,03dc4,SIGNED,4.0,2030,migration,migrated from Pitlock; move_type=Draft; acquisition_type=drafted; fa_year=2026+4=2030; migration_batch=9dde5ca9e28c9e39; Sheet IL=No; Fantrax IL slot=No,migration,MLB,\N,\N,\N
114,2026-01-01 00:00:00,2026-10-06 17:58:38.639867,2zq83f02mk7scnaj,04cwf,SIGNED,3.0,2029,migration,migrated from Pitlock; move_type=Draft; acquisition_type=drafted; fa_year=2026+3=2029; migration_batch=9dde5ca9e28c9e39; Sheet IL=No; Fantrax IL slot=No,migration,MLB,\N,\N,\N
115,2026-01-01 00:00:00,2026-10-06 17:58:38.639867,2zq83f02mk7scnaj,05aoc,SIGNED,7.0,2033,migration,migrated from Pitlock; move_type=Draft; acquisition_type=drafted; fa_year=2026+7=2033; migration_batch=9dde5ca9e28c9e39; Sheet IL=No; Fantrax IL slot=No,migration,MLB,\N,\N,\N
116,2026-01-01 00:00:00,2026-10-06 17:58:38.639867,2zq83f02mk7scnaj,05jp7,SIGNED,3.0,2029,migration,migrated from Pitlock; move_type=Draft; acquisition_type=drafted; fa_year=2026+3=2029; migration_batch=9dde5ca9e28c9e39; Sheet IL=No; Fantrax IL slot=No,migration,MLB,\N,\N,\N
117,2026-01-01 00:00:00,2026-10-06 17:58:38.639867,2zq83f02mk7scnaj,04eqa,SIGNED,3.0,2029,migration,migrated from Pitlock; move_type=Draft; acquisition_type=drafted; fa_year=2026+3=2029; migration_batch=9dde5ca9e28c9e39; Sheet IL=No; Fantrax IL slot=No,migration,MLB,\N,\N,\N
118,2026-01-01 00:00:00,2026-10-06 17:58:38.639867,2zq83f02mk7scnaj,05143,SIGNED,3.0,2029,migration,migrated from Pitlock; move_type=Draft; acquisition_type=drafted; fa_year=2026+3=2029; migration_batch=9dde5ca9e28c9e39; Sheet IL=No; Fantrax IL slot=No,migration,MLB,\N,\N,\N
119,2026-01-01 00:00:00,2026-10-06 17:58:38.639867,2zq83f02mk7scnaj,04em6,SIGNED,2.0,2028,migration,migrated from Pitlock; move_type=Draft; acquisition_type=drafted; fa_year=2026+2=2028; migration_batch=9dde5ca9e28c9e39; IL=Yes; cross-check Fantrax Inj Res slot; Sheet IL=Yes; Fantrax IL slot=Yes,migration,MLB,\N,\N,\N
120,2026-01-01 00:00:00,2026-10-06 17:58:38.639867,eo8af59vmk7scnai,0630d,SIGNED,6.0,2032,migration,migrated from Riggen; move_type=Draft; acquisition_type=drafted; fa_year=2026+6=2032; migration_batch=9dde5ca9e28c9e39; Sheet IL=No; Fantrax IL slot=No,migration,MLB,\N,\N,\N
121,2026-01-01 00:00:00,2026-10-06 17:58:38.639867,eo8af59vmk7scnai,02mwm,SIGNED,2.0,2028,migration,migrated from Riggen; move_type=Draft; acquisition_type=drafted; fa_year=2026+2=2028; migration_batch=9dde5ca9e28c9e39; Sheet IL=No; Fantrax IL slot=No,migration,MLB,\N,\N,\N
122,2026-01-01 00:00:00,2026-10-06 17:58:38.639867,eo8af59vmk7scnai,031t0,SIGNED,3.0,2029,migration,migrated from Riggen; move_type=Draft; acquisition_type=drafted; fa_year=2026+3=2029; migration_batch=9dde5ca9e28c9e39; Sheet IL=No; Fantrax IL slot=No,migration,MLB,\N,\N,\N
123,2026-01-01 00:00:00,2026-10-06 17:58:38.639867,eo8af59vmk7scnai,01svq,SIGNED,2.0,2028,migration,migrated from Riggen; move_type=Draft; acquisition_type=drafted; fa_year=2026+2=2028; migration_batch=9dde5ca9e28c9e39; Sheet IL=No; Fantrax IL slot=No,migration,MLB,\N,\N,\N
124,2026-01-01 00:00:00,2026-10-06 17:58:38.639867,eo8af59vmk7scnai,04pbq,SIGNED,4.0,2030,migration,migrated from Riggen; move_type=Draft; acquisition_type=drafted; fa_year=2026+4=2030; migration_batch=9dde5ca9e28c9e39; Sheet IL=No; Fantrax IL slot=No,migration,MLB,\N,\N,\N
125,2026-01-01 00:00:00,2026-10-06 17:58:38.639867,eo8af59vmk7scnai,03wha,SIGNED,4.0,2030,migration,migrated from Riggen; move_type=Draft; acquisition_type=drafted; fa_year=2026+4=2030; migration_batch=9dde5ca9e28c9e39; current_roster_owner=Riggen; manual_resolution=Commissioner-confirmed Ronald Acuna Junior is on the 10 Day IL team.; Sheet IL=No; Fantrax IL slot=No,migration,MLB,\N,\N,\N
126,2026-01-01 00:00:00,2026-10-06 17:58:38.639867,eo8af59vmk7scnai,051wv,SIGNED,7.0,2033,migration,migrated from Riggen; move_type=Draft; acquisition_type=drafted; fa_year=2026+7=2033; migration_batch=9dde5ca9e28c9e39; Sheet IL=No; Fantrax IL slot=No,migration,MLB,\N,\N,\N
127,2026-01-01 00:00:00,2026-10-06 17:58:38.639867,eo8af59vmk7scnai,0512v,SIGNED,2.0,2028,migration,migrated from Riggen; move_type=Draft; acquisition_type=drafted; fa_year=2026+2=2028; migration_batch=9dde5ca9e28c9e39; current_roster_owner=Riggen; manual_resolution=Commissioner-confirmed Michael Harris II is on the 10 Day IL team.; Sheet IL=No; Fantrax IL slot=No,migration,MLB,\N,\N,\N
128,2026-01-01 00:00:00,2026-10-06 17:58:38.639867,eo8af59vmk7scnai,05ybv,SIGNED,7.0,2033,migration,migrated from Riggen; move_type=Draft; acquisition_type=drafted; fa_year=2026+7=2033; migration_batch=9dde5ca9e28c9e39; Sheet IL=No; Fantrax IL slot=No,migration,MLB,\N,\N,\N
129,2026-01-01 00:00:00,2026-10-06 17:58:38.639867,eo8af59vmk7scnai,05t2b,SIGNED,4.0,2030,migration,migrated from Riggen; move_type=Draft; acquisition_type=drafted; fa_year=2026+4=2030; migration_batch=9dde5ca9e28c9e39; Sheet IL=No; Fantrax IL slot=No,migration,MLB,\N,\N,\N
130,2026-01-01 00:00:00,2026-10-06 17:58:38.639867,eo8af59vmk7scnai,02i2j,SIGNED,3.0,2029,migration,migrated from Riggen; move_type=Draft; acquisition_type=drafted; fa_year=2026+3=2029; migration_batch=9dde5ca9e28c9e39; Sheet IL=No; Fantrax IL slot=No,migration,MLB,\N,\N,\N
131,2026-01-01 00:00:00,2026-10-06 17:58:38.639867,eo8af59vmk7scnai,04ptt,SIGNED,5.0,2031,migration,migrated from Riggen; move_type=Draft; acquisition_type=drafted; fa_year=2026+5=2031; migration_batch=9dde5ca9e28c9e39; Sheet IL=No; Fantrax IL slot=No,migration,MLB,\N,\N,\N
132,2026-01-01 00:00:00,2026-10-06 17:58:38.639867,eo8af59vmk7scnai,05u4l,SIGNED,2.0,2028,migration,migrated from Riggen; move_type=Draft; acquisition_type=drafted; fa_year=2026+2=2028; migration_batch=9dde5ca9e28c9e39; Sheet IL=No; Fantrax IL slot=Yes,migration,MLB,\N,\N,\N
133,2026-01-01 00:00:00,2026-10-06 17:58:38.639867,eo8af59vmk7scnai,05nso,SIGNED,3.0,2029,migration,migrated from Riggen; move_type=Draft; acquisition_type=drafted; fa_year=2026+3=2029; migration_batch=9dde5ca9e28c9e39; Sheet IL=No; Fantrax IL slot=No,migration,MLB,\N,\N,\N
134,2026-01-01 00:00:00,2026-10-06 17:58:38.639867,eo8af59vmk7scnai,06ktn,SIGNED,3.0,2029,migration,migrated from Riggen; move_type=Draft; acquisition_type=drafted; fa_year=2026+3=2029; migration_batch=9dde5ca9e28c9e39; Sheet IL=No; Fantrax IL slot=No,migration,MLB,\N,\N,\N
135,2026-01-01 00:00:00,2026-10-06 17:58:38.639867,eo8af59vmk7scnai,05mre,SIGNED,3.0,2029,migration,migrated from Riggen; move_type=Draft; acquisition_type=drafted; fa_year=2026+3=2029; migration_batch=9dde5ca9e28c9e39; Sheet IL=No; Fantrax IL slot=Yes,migration,MLB,\N,\N,\N
136,2026-01-01 00:00:00,2026-10-06 17:58:38.639867,eo8af59vmk7scnai,066er,SIGNED,4.0,2030,migration,migrated from Riggen; move_type=Draft; acquisition_type=drafted; fa_year=2026+4=2030; migration_batch=9dde5ca9e28c9e39; Sheet IL=No; Fantrax IL slot=No,migration,MLB,\N,\N,\N
137,2026-01-01 00:00:00,2026-10-06 17:58:38.639867,eo8af59vmk7scnai,04mnw,SIGNED,2.0,2028,migration,migrated from Riggen; move_type=Draft; acquisition_type=drafted; fa_year=2026+2=2028; migration_batch=9dde5ca9e28c9e39; Sheet IL=No; Fantrax IL slot=No,migration,MLB,\N,\N,\N
138,2026-01-01 00:00:00,2026-10-06 17:58:38.639867,eo8af59vmk7scnai,06f1r,CALLED_UP,2.0,2028,migration,migrated from Riggen; move_type=Promoted; acquisition_type=called_up; fa_year=2026+2=2028; migration_batch=9dde5ca9e28c9e39; IL=Yes; cross-check Fantrax Inj Res slot; Sheet IL=Yes; Fantrax IL slot=Yes,migration,MLB,\N,\N,\N
139,2026-01-01 00:00:00,2026-10-06 17:58:38.639867,9i8efuljmk7scnai,03ojr,SIGNED,7.0,2033,migration,migrated from A. Rolain; move_type=Draft; acquisition_type=drafted; fa_year=2026+7=2033; migration_batch=9dde5ca9e28c9e39; Sheet IL=No; Fantrax IL slot=Yes,migration,MLB,\N,\N,\N
140,2026-01-01 00:00:00,2026-10-06 17:58:38.639867,9i8efuljmk7scnai,050w9,SIGNED,7.0,2033,migration,migrated from A. Rolain; move_type=Draft; acquisition_type=drafted; fa_year=2026+7=2033; migration_batch=9dde5ca9e28c9e39; Sheet IL=No; Fantrax IL slot=No,migration,MLB,\N,\N,\N
141,2026-01-01 00:00:00,2026-10-06 17:58:38.639867,9i8efuljmk7scnai,03zbh,SIGNED,7.0,2033,migration,migrated from A. Rolain; move_type=Draft; acquisition_type=drafted; fa_year=2026+7=2033; migration_batch=9dde5ca9e28c9e39; Sheet IL=No; Fantrax IL slot=No,migration,MLB,\N,\N,\N
142,2026-01-01 00:00:00,2026-10-06 17:58:38.639867,9i8efuljmk7scnai,0403o,SIGNED,5.0,2031,migration,migrated from A. Rolain; move_type=Draft; acquisition_type=drafted; fa_year=2026+5=2031; migration_batch=9dde5ca9e28c9e39; Sheet IL=No; Fantrax IL slot=No,migration,MLB,\N,\N,\N
143,2026-01-01 00:00:00,2026-10-06 17:58:38.639867,9i8efuljmk7scnai,05y23,SIGNED,5.0,2031,migration,migrated from A. Rolain; move_type=Draft; acquisition_type=drafted; fa_year=2026+5=2031; migration_batch=9dde5ca9e28c9e39; Sheet IL=No; Fantrax IL slot=No,migration,MLB,\N,\N,\N
144,2026-01-01 00:00:00,2026-10-06 17:58:38.639867,9i8efuljmk7scnai,02btf,SIGNED,4.0,2030,migration,migrated from A. Rolain; move_type=Draft; acquisition_type=drafted; fa_year=2026+4=2030; migration_batch=9dde5ca9e28c9e39; Sheet IL=No; Fantrax IL slot=No,migration,MLB,\N,\N,\N
145,2026-01-01 00:00:00,2026-10-06 17:58:38.639867,9i8efuljmk7scnai,05y4b,SIGNED,4.0,2030,migration,migrated from A. Rolain; move_type=Draft; acquisition_type=drafted; fa_year=2026+4=2030; migration_batch=9dde5ca9e28c9e39; Sheet IL=No; Fantrax IL slot=No,migration,MLB,\N,\N,\N
146,2026-01-01 00:00:00,2026-10-06 17:58:38.639867,9i8efuljmk7scnai,0524l,SIGNED,4.0,2030,migration,migrated from A. Rolain; move_type=Draft; acquisition_type=drafted; fa_year=2026+4=2030; migration_batch=9dde5ca9e28c9e39; Sheet IL=No; Fantrax IL slot=No,migration,MLB,\N,\N,\N
147,2026-01-01 00:00:00,2026-10-06 17:58:38.639867,9i8efuljmk7scnai,04n0m,SIGNED,4.0,2030,migration,migrated from A. Rolain; move_type=Draft; acquisition_type=drafted; fa_year=2026+4=2030; migration_batch=9dde5ca9e28c9e39; Sheet IL=No; Fantrax IL slot=No,migration,MLB,\N,\N,\N
148,2026-01-01 00:00:00,2026-10-06 17:58:38.639867,9i8efuljmk7scnai,01fh9,SIGNED,3.0,2029,migration,migrated from A. Rolain; move_type=Draft; acquisition_type=drafted; fa_year=2026+3=2029; migration_batch=9dde5ca9e28c9e39; Sheet IL=No; Fantrax IL slot=No,migration,MLB,\N,\N,\N
149,2026-01-01 00:00:00,2026-10-06 17:58:38.639867,9i8efuljmk7scnai,04pkr,SIGNED,3.0,2029,migration,migrated from A. Rolain; move_type=Draft; acquisition_type=drafted; fa_year=2026+3=2029; migration_batch=9dde5ca9e28c9e39; Sheet IL=No; Fantrax IL slot=No,migration,MLB,\N,\N,\N
150,2026-01-01 00:00:00,2026-10-06 17:58:38.639867,9i8efuljmk7scnai,02w7p,SIGNED,3.0,2029,migration,migrated from A. Rolain; move_type=Draft; acquisition_type=drafted; fa_year=2026+3=2029; migration_batch=9dde5ca9e28c9e39; Sheet IL=No; Fantrax IL slot=No,migration,MLB,\N,\N,\N
151,2026-01-01 00:00:00,2026-10-06 17:58:38.639867,9i8efuljmk7scnai,04z6m,SIGNED,3.0,2029,migration,migrated from A. Rolain; move_type=Draft; acquisition_type=drafted; fa_year=2026+3=2029; migration_batch=9dde5ca9e28c9e39; Sheet IL=No; Fantrax IL slot=No,migration,MLB,\N,\N,\N
152,2026-01-01 00:00:00,2026-10-06 17:58:38.639867,9i8efuljmk7scnai,04z6m,DROPPED,1.5,2029,migration,migrated from A. Rolain; dropped; migration_batch=9dde5ca9e28c9e39; drop_year_default=2026; drop_penalty=constitution half remaining years; Sheet IL=No; Fantrax IL slot=No,migration,MLB,\N,\N,\N
153,2026-01-01 00:00:00,2026-10-06 17:58:38.639867,9i8efuljmk7scnai,041r1,SIGNED,3.0,2029,migration,migrated from A. Rolain; move_type=Draft; acquisition_type=drafted; fa_year=2026+3=2029; migration_batch=9dde5ca9e28c9e39; Sheet IL=No; Fantrax IL slot=No,migration,MLB,\N,\N,\N
154,2026-01-01 00:00:00,2026-10-06 17:58:38.639867,9i8efuljmk7scnai,060x1,CALLED_UP,3.0,2029,migration,migrated from A. Rolain; move_type=Promoted; acquisition_type=called_up; fa_year=2026+3=2029; migration_batch=9dde5ca9e28c9e39; Sheet IL=No; Fantrax IL slot=No,migration,MLB,\N,\N,\N
155,2026-01-01 00:00:00,2026-10-06 17:58:38.639867,9i8efuljmk7scnai,02yd1,SIGNED,2.0,2028,migration,migrated from A. Rolain; move_type=Draft; acquisition_type=drafted; fa_year=2026+2=2028; migration_batch=9dde5ca9e28c9e39; IL=Yes; cross-check Fantrax Inj Res slot; Sheet IL=Yes; Fantrax IL slot=No,migration,MLB,\N,\N,\N
156,2026-01-01 00:00:00,2026-10-06 17:58:38.639867,9i8efuljmk7scnai,02xic,SIGNED,2.0,2028,migration,migrated from A. Rolain; move_type=Draft; acquisition_type=drafted; fa_year=2026+2=2028; migration_batch=9dde5ca9e28c9e39; Sheet IL=No; Fantrax IL slot=No,migration,MLB,\N,\N,\N
157,2026-01-01 00:00:00,2026-10-06 17:58:38.639867,9i8efuljmk7scnai,04eor,CALLED_UP,5.0,2031,migration,"migrated from A. Rolain; move_type=Promoted; acquisition_type=called_up; fa_year=2026+5=2031; migration_batch=9dde5ca9e28c9e39; current_roster_owner=A. Rolain; manual_resolution=Use rostered CLE RP, not the unrostered NYY SP with the same name.; Sheet IL=No; Fantrax IL slot=No",migration,MLB,\N,\N,\N
158,2026-01-01 00:00:00,2026-10-06 17:58:38.639867,9i8efuljmk7scnai,05ycf,CALLED_UP,3.0,2029,migration,migrated from A. Rolain; move_type=Promoted; acquisition_type=called_up; fa_year=2026+3=2029; migration_batch=9dde5ca9e28c9e39; Sheet IL=No; Fantrax IL slot=No,migration,MLB,\N,\N,\N
159,2026-01-01 00:00:00,2026-10-06 17:58:38.639867,3naxvj6smk7scnaj,04my4,SIGNED,7.0,2033,migration,migrated from M. Rolain; move_type=Draft; acquisition_type=drafted; fa_year=2026+7=2033; migration_batch=9dde5ca9e28c9e39; Sheet IL=No; Fantrax IL slot=No,migration,MLB,\N,\N,\N
160,2026-01-01 00:00:00,2026-10-06 17:58:38.639867,3naxvj6smk7scnaj,02yc4,SIGNED,7.0,2033,migration,migrated from M. Rolain; move_type=Draft; acquisition_type=drafted; fa_year=2026+7=2033; migration_batch=9dde5ca9e28c9e39; IL=Yes; cross-check Fantrax Inj Res slot; Sheet IL=Yes; Fantrax IL slot=Yes,migration,MLB,\N,\N,\N
161,2026-01-01 00:00:00,2026-10-06 17:58:38.639867,3naxvj6smk7scnaj,01uca,SIGNED,3.0,2029,migration,migrated from M. Rolain; move_type=Draft; acquisition_type=drafted; fa_year=2026+3=2029; migration_batch=9dde5ca9e28c9e39; Sheet IL=No; Fantrax IL slot=No,migration,MLB,\N,\N,\N
162,2026-01-01 00:00:00,2026-10-06 17:58:38.639867,3naxvj6smk7scnaj,01gya,SIGNED,2.0,2028,migration,migrated from M. Rolain; move_type=Draft; acquisition_type=drafted; fa_year=2026+2=2028; migration_batch=9dde5ca9e28c9e39; Sheet IL=No; Fantrax IL slot=No,migration,MLB,\N,\N,\N
163,2026-01-01 00:00:00,2026-10-06 17:58:38.639867,3naxvj6smk7scnaj,02my5,SIGNED,4.0,2030,migration,migrated from M. Rolain; move_type=Draft; acquisition_type=drafted; fa_year=2026+4=2030; migration_batch=9dde5ca9e28c9e39; Sheet IL=No; Fantrax IL slot=No,migration,MLB,\N,\N,\N
164,2026-01-01 00:00:00,2026-10-06 17:58:38.639867,3naxvj6smk7scnaj,040b5,SIGNED,4.0,2030,migration,migrated from M. Rolain; move_type=Draft; acquisition_type=drafted; fa_year=2026+4=2030; migration_batch=9dde5ca9e28c9e39; Sheet IL=No; Fantrax IL slot=No,migration,MLB,\N,\N,\N
165,2026-01-01 00:00:00,2026-10-06 17:58:38.639867,3naxvj6smk7scnaj,02c68,SIGNED,4.0,2030,migration,migrated from M. Rolain; move_type=Draft; acquisition_type=drafted; fa_year=2026+4=2030; migration_batch=9dde5ca9e28c9e39; Sheet IL=No; Fantrax IL slot=No,migration,MLB,\N,\N,\N
166,2026-01-01 00:00:00,2026-10-06 17:58:38.639867,3naxvj6smk7scnaj,02hjp,SIGNED,2.0,2028,migration,migrated from M. Rolain; move_type=Draft; acquisition_type=drafted; fa_year=2026+2=2028; migration_batch=9dde5ca9e28c9e39; Sheet IL=No; Fantrax IL slot=No,migration,MLB,\N,\N,\N
167,2026-01-01 00:00:00,2026-10-06 17:58:38.639867,3naxvj6smk7scnaj,02jh6,SIGNED,2.0,2028,migration,migrated from M. Rolain; move_type=Draft; acquisition_type=drafted; fa_year=2026+2=2028; migration_batch=9dde5ca9e28c9e39; Sheet IL=No; Fantrax IL slot=No,migration,MLB,\N,\N,\N
168,2026-01-01 00:00:00,2026-10-06 17:58:38.639867,3naxvj6smk7scnaj,05ucd,CALLED_UP,7.0,2033,migration,migrated from M. Rolain; move_type=Promoted; acquisition_type=called_up; fa_year=2026+7=2033; migration_batch=9dde5ca9e28c9e39; Sheet IL=No; Fantrax IL slot=No,migration,MLB,\N,\N,\N
169,2026-01-01 00:00:00,2026-10-06 17:58:38.639867,3naxvj6smk7scnaj,025dn,SIGNED,2.0,2028,migration,migrated from M. Rolain; move_type=Draft; acquisition_type=drafted; fa_year=2026+2=2028; migration_batch=9dde5ca9e28c9e39; Sheet IL=No; Fantrax IL slot=No,migration,MLB,\N,\N,\N
170,2026-01-01 00:00:00,2026-10-06 17:58:38.639867,3naxvj6smk7scnaj,02hi7,SIGNED,2.0,2028,migration,migrated from M. Rolain; move_type=Draft; acquisition_type=drafted; fa_year=2026+2=2028; migration_batch=9dde5ca9e28c9e39; Sheet IL=No; Fantrax IL slot=No,migration,MLB,\N,\N,\N
171,2026-01-01 00:00:00,2026-10-06 17:58:38.639867,3naxvj6smk7scnaj,02bq2,SIGNED,2.0,2028,migration,migrated from M. Rolain; move_type=Draft; acquisition_type=drafted; fa_year=2026+2=2028; migration_batch=9dde5ca9e28c9e39; Sheet IL=No; Fantrax IL slot=No,migration,MLB,\N,\N,\N
172,2026-01-01 00:00:00,2026-10-06 17:58:38.639867,3naxvj6smk7scnaj,0317q,SIGNED,2.0,2028,migration,migrated from M. Rolain; move_type=Draft; acquisition_type=drafted; fa_year=2026+2=2028; migration_batch=9dde5ca9e28c9e39; Sheet IL=No; Fantrax IL slot=No,migration,MLB,\N,\N,\N
173,2026-01-01 00:00:00,2026-10-06 17:58:38.639867,3naxvj6smk7scnaj,02bqh,SIGNED,2.0,2028,migration,migrated from M. Rolain; move_type=Draft; acquisition_type=drafted; fa_year=2026+2=2028; migration_batch=9dde5ca9e28c9e39; Sheet IL=No; Fantrax IL slot=No,migration,MLB,\N,\N,\N
174,2026-01-01 00:00:00,2026-10-06 17:58:38.639867,3naxvj6smk7scnaj,02bqh,DROPPED,1.0,2028,migration,migrated from M. Rolain; dropped; migration_batch=9dde5ca9e28c9e39; drop_year_default=2026; drop_penalty=constitution half remaining years; Sheet IL=No; Fantrax IL slot=No,migration,MLB,\N,\N,\N
175,2026-01-01 00:00:00,2026-10-06 17:58:38.639867,3naxvj6smk7scnaj,01sb3,SIGNED,2.0,2028,migration,migrated from M. Rolain; move_type=Draft; acquisition_type=drafted; fa_year=2026+2=2028; migration_batch=9dde5ca9e28c9e39; Sheet IL=No; Fantrax IL slot=No,migration,MLB,\N,\N,\N
176,2026-01-01 00:00:00,2026-10-06 17:58:38.639867,3naxvj6smk7scnaj,05ras,CALLED_UP,5.0,2031,migration,migrated from M. Rolain; move_type=Promoted; acquisition_type=called_up; fa_year=2026+5=2031; migration_batch=9dde5ca9e28c9e39; Sheet IL=No; Fantrax IL slot=No,migration,MLB,\N,\N,\N
177,2026-01-01 00:00:00,2026-10-06 17:58:38.639867,3naxvj6smk7scnaj,04tjl,CALLED_UP,6.0,2032,migration,migrated from M. Rolain; move_type=Promoted; acquisition_type=called_up; fa_year=2026+6=2032; migration_batch=9dde5ca9e28c9e39; Sheet IL=No; Fantrax IL slot=No,migration,MLB,\N,\N,\N
178,2026-01-01 00:00:00,2026-10-06 17:58:38.639867,3naxvj6smk7scnaj,0513c,CALLED_UP,4.0,2030,migration,migrated from M. Rolain; move_type=Promoted; acquisition_type=called_up; fa_year=2026+4=2030; migration_batch=9dde5ca9e28c9e39; Sheet IL=No; Fantrax IL slot=No,migration,MLB,\N,\N,\N
179,2026-01-01 00:00:00,2026-10-06 17:58:38.639867,3naxvj6smk7scnaj,031fj,CALLED_UP,3.0,2029,migration,migrated from M. Rolain; move_type=Promoted; acquisition_type=called_up; fa_year=2026+3=2029; migration_batch=9dde5ca9e28c9e39; Sheet IL=No; Fantrax IL slot=No,migration,MLB,\N,\N,\N
