snapshot_date,team_id,fantrax_id,roster_level
2026-10-02,0ur2ghtzmk7scnai,01s8u,MLB
2026-10-02,0ur2ghtzmk7scnai,02bqr,MLB
2026-10-02,0ur2ghtzmk7scnai,02c5l,MLB
2026-10-02,0ur2ghtzmk7scnai,02i2k,IL
2026-10-02,0ur2ghtzmk7scnai,02mw6,MLB
2026-10-02,0ur2ghtzmk7scnai,0374m,MLB
2026-10-02,0ur2ghtzmk7scnai,03btu,IL
2026-10-02,0ur2ghtzmk7scnai,03dau,MLB
2026-10-02,0ur2ghtzmk7scnai,03df2,MLB
2026-10-02,0ur2ghtzmk7scnai,03m6o,MLB
2026-10-02,0ur2ghtzmk7scnai,03pom,MLB
2026-10-02,0ur2ghtzmk7scnai,03yrz,MLB
2026-10-02,0ur2ghtzmk7scnai,041pz,MLB
2026-10-02,0ur2ghtzmk7scnai,04aea,IL
2026-10-02,0ur2ghtzmk7scnai,04eec,MLB
2026-10-02,0ur2ghtzmk7scnai,04eee,MLB
2026-10-02,0ur2ghtzmk7scnai,04fhb,MLB
2026-10-02,0ur2ghtzmk7scnai,04mlt,IL
2026-10-02,0ur2ghtzmk7scnai,04pmq,IL
2026-10-02,0ur2ghtzmk7scnai,04pq4,IL
2026-10-02,0ur2ghtzmk7scnai,04prt,MLB
2026-10-02,0ur2ghtzmk7scnai,04ru5,IL
2026-10-02,0ur2ghtzmk7scnai,04y4e,MLB
2026-10-02,0ur2ghtzmk7scnai,04y9p,MLB
2026-10-02,0ur2ghtzmk7scnai,0512m,IL
2026-10-02,0ur2ghtzmk7scnai,052c8,MLB
2026-10-02,0ur2ghtzmk7scnai,05gbf,MLB
2026-10-02,0ur2ghtzmk7scnai,05js5,MLB
2026-10-02,0ur2ghtzmk7scnai,05m1e,MLB
2026-10-02,0ur2ghtzmk7scnai,05r1m,minors
2026-10-02,0ur2ghtzmk7scnai,05r9j,minors
2026-10-02,0ur2ghtzmk7scnai,05tp6,minors
2026-10-02,0ur2ghtzmk7scnai,05uy5,minors
2026-10-02,0ur2ghtzmk7scnai,05y7n,minors
2026-10-02,0ur2ghtzmk7scnai,05yai,minors
2026-10-02,0ur2ghtzmk7scnai,05ydc,MLB
2026-10-02,0ur2ghtzmk7scnai,05zh9,minors
2026-10-02,0ur2ghtzmk7scnai,060jo,minors
2026-10-02,0ur2ghtzmk7scnai,060uf,MLB
2026-10-02,0ur2ghtzmk7scnai,061cq,MLB
2026-10-02,0ur2ghtzmk7scnai,064zm,minors
2026-10-02,0ur2ghtzmk7scnai,06626,minors
2026-10-02,0ur2ghtzmk7scnai,066sx,minors
2026-10-02,0ur2ghtzmk7scnai,06bdc,minors
2026-10-02,0ur2ghtzmk7scnai,06dlz,minors
2026-10-02,0ur2ghtzmk7scnai,06ek4,MLB
2026-10-02,0ur2ghtzmk7scnai,06guh,MLB
2026-10-02,0ur2ghtzmk7scnai,06rre,minors
2026-10-02,0ur2ghtzmk7scnai,072ib,minors
2026-10-02,1t779zvsmk7scnai,01ub6,MLB
2026-10-02,1t779zvsmk7scnai,0260v,MLB
2026-10-02,1t779zvsmk7scnai,02611,MLB
2026-10-02,1t779zvsmk7scnai,02iug,MLB
2026-10-02,1t779zvsmk7scnai,0316v,MLB
2026-10-02,1t779zvsmk7scnai,03dfa,MLB
2026-10-02,1t779zvsmk7scnai,03dgq,IL
2026-10-02,1t779zvsmk7scnai,03e5m,MLB
2026-10-02,1t779zvsmk7scnai,041q8,MLB
2026-10-02,1t779zvsmk7scnai,041vm,MLB
2026-10-02,1t779zvsmk7scnai,04aeb,MLB
2026-10-02,1t779zvsmk7scnai,04aqc,MLB
2026-10-02,1t779zvsmk7scnai,04hyc,MLB
2026-10-02,1t779zvsmk7scnai,04p10,MLB
2026-10-02,1t779zvsmk7scnai,04ps7,IL
2026-10-02,1t779zvsmk7scnai,0519u,MLB
2026-10-02,1t779zvsmk7scnai,051bm,MLB
2026-10-02,1t779zvsmk7scnai,05gtn,IL
2026-10-02,1t779zvsmk7scnai,05js3,MLB
2026-10-02,1t779zvsmk7scnai,05lg3,MLB
2026-10-02,1t779zvsmk7scnai,05mx9,minors
2026-10-02,1t779zvsmk7scnai,05r5e,minors
2026-10-02,1t779zvsmk7scnai,05rat,IL
2026-10-02,1t779zvsmk7scnai,05rb3,MLB
2026-10-02,1t779zvsmk7scnai,05tzn,MLB
2026-10-02,1t779zvsmk7scnai,05u36,minors
2026-10-02,1t779zvsmk7scnai,05ua7,MLB
2026-10-02,1t779zvsmk7scnai,05ub0,MLB
2026-10-02,1t779zvsmk7scnai,05uo2,MLB
2026-10-02,1t779zvsmk7scnai,05vy5,minors
2026-10-02,1t779zvsmk7scnai,05xch,MLB
2026-10-02,1t779zvsmk7scnai,05y62,MLB
2026-10-02,1t779zvsmk7scnai,05y7t,MLB
2026-10-02,1t779zvsmk7scnai,05ybr,minors
2026-10-02,1t779zvsmk7scnai,05yby,minors
2026-10-02,1t779zvsmk7scnai,05ydp,minors
2026-10-02,1t779zvsmk7scnai,05ynb,MLB
2026-10-02,1t779zvsmk7scnai,062k5,IL
2026-10-02,1t779zvsmk7scnai,066eo,minors
2026-10-02,1t779zvsmk7scnai,06alk,minors
2026-10-02,1t779zvsmk7scnai,06c78,minors
2026-10-02,1t779zvsmk7scnai,06c79,minors
2026-10-02,1t779zvsmk7scnai,06ier,minors
2026-10-02,1t779zvsmk7scnai,06ifw,minors
2026-10-02,1t779zvsmk7scnai,06rop,minors
2026-10-02,1t779zvsmk7scnai,071w9,minors
2026-10-02,2lcfvwbomk7scnai,026lz,MLB
2026-10-02,2lcfvwbomk7scnai,02f9m,MLB
2026-10-02,2lcfvwbomk7scnai,03qjz,MLB
2026-10-02,2lcfvwbomk7scnai,041qb,MLB
2026-10-02,2lcfvwbomk7scnai,04ehz,IL
2026-10-02,2lcfvwbomk7scnai,04mjn,MLB
2026-10-02,2lcfvwbomk7scnai,04rzp,MLB
2026-10-02,2lcfvwbomk7scnai,04t9b,MLB
2026-10-02,2lcfvwbomk7scnai,0597k,MLB
2026-10-02,2lcfvwbomk7scnai,05jp9,IL
2026-10-02,2lcfvwbomk7scnai,05m49,MLB
2026-10-02,2lcfvwbomk7scnai,05rbv,MLB
2026-10-02,2lcfvwbomk7scnai,05u3u,MLB
2026-10-02,2lcfvwbomk7scnai,05u9y,minors
2026-10-02,2lcfvwbomk7scnai,05u9z,MLB
2026-10-02,2lcfvwbomk7scnai,05y7s,MLB
2026-10-02,2lcfvwbomk7scnai,05yeg,minors
2026-10-02,2lcfvwbomk7scnai,05ym7,IL
2026-10-02,2lcfvwbomk7scnai,060pm,MLB
2026-10-02,2lcfvwbomk7scnai,060ub,minors
2026-10-02,2lcfvwbomk7scnai,061yu,MLB
2026-10-02,2lcfvwbomk7scnai,06207,minors
2026-10-02,2lcfvwbomk7scnai,0629b,MLB
2026-10-02,2lcfvwbomk7scnai,0648n,MLB
2026-10-02,2lcfvwbomk7scnai,0662o,minors
2026-10-02,2lcfvwbomk7scnai,066ip,minors
2026-10-02,2lcfvwbomk7scnai,067yc,minors
2026-10-02,2lcfvwbomk7scnai,067yn,minors
2026-10-02,2lcfvwbomk7scnai,06aly,MLB
2026-10-02,2lcfvwbomk7scnai,06aw3,IL
2026-10-02,2lcfvwbomk7scnai,06fzu,MLB
2026-10-02,2lcfvwbomk7scnai,06hea,minors
2026-10-02,2lcfvwbomk7scnai,06icx,MLB
2026-10-02,2lcfvwbomk7scnai,06ih0,minors
2026-10-02,2lcfvwbomk7scnai,06ktt,minors
2026-10-02,2lcfvwbomk7scnai,06mnp,minors
2026-10-02,2lcfvwbomk7scnai,06mph,minors
2026-10-02,2lcfvwbomk7scnai,06ps2,minors
2026-10-02,2lcfvwbomk7scnai,06rm6,minors
2026-10-02,2zq83f02mk7scnaj,03ae8,MLB
2026-10-02,2zq83f02mk7scnaj,03aqw,MLB
2026-10-02,2zq83f02mk7scnaj,03caf,MLB
2026-10-02,2zq83f02mk7scnaj,03d6s,IL
2026-10-02,2zq83f02mk7scnaj,03dc4,MLB
2026-10-02,2zq83f02mk7scnaj,03et8,MLB
2026-10-02,2zq83f02mk7scnaj,03mew,MLB
2026-10-02,2zq83f02mk7scnaj,03pit,MLB
2026-10-02,2zq83f02mk7scnaj,03pjd,MLB
2026-10-02,2zq83f02mk7scnaj,03qjy,MLB
2026-10-02,2zq83f02mk7scnaj,03ynj,MLB
2026-10-02,2zq83f02mk7scnaj,03zlh,MLB
2026-10-02,2zq83f02mk7scnaj,04355,MLB
2026-10-02,2zq83f02mk7scnaj,045qo,MLB
2026-10-02,2zq83f02mk7scnaj,04aee,MLB
2026-10-02,2zq83f02mk7scnaj,04aok,MLB
2026-10-02,2zq83f02mk7scnaj,04c0o,MLB
2026-10-02,2zq83f02mk7scnaj,04cwf,MLB
2026-10-02,2zq83f02mk7scnaj,04em6,IL
2026-10-02,2zq83f02mk7scnaj,04eqa,MLB
2026-10-02,2zq83f02mk7scnaj,04o4s,MLB
2026-10-02,2zq83f02mk7scnaj,04pps,MLB
2026-10-02,2zq83f02mk7scnaj,04pr8,MLB
2026-10-02,2zq83f02mk7scnaj,04pxo,MLB
2026-10-02,2zq83f02mk7scnaj,05143,MLB
2026-10-02,2zq83f02mk7scnaj,05ajh,IL
2026-10-02,2zq83f02mk7scnaj,05aoc,MLB
2026-10-02,2zq83f02mk7scnaj,05jp7,MLB
2026-10-02,2zq83f02mk7scnaj,05rb0,minors
2026-10-02,2zq83f02mk7scnaj,05u3v,minors
2026-10-02,2zq83f02mk7scnaj,05u96,minors
2026-10-02,2zq83f02mk7scnaj,05y30,minors
2026-10-02,2zq83f02mk7scnaj,05zd4,minors
2026-10-02,2zq83f02mk7scnaj,061zv,minors
2026-10-02,2zq83f02mk7scnaj,062e0,minors
2026-10-02,2zq83f02mk7scnaj,063vu,minors
2026-10-02,2zq83f02mk7scnaj,067yp,minors
2026-10-02,2zq83f02mk7scnaj,06apx,minors
2026-10-02,2zq83f02mk7scnaj,06dn7,minors
2026-10-02,2zq83f02mk7scnaj,06j3f,minors
2026-10-02,2zq83f02mk7scnaj,06nu9,minors
2026-10-02,2zq83f02mk7scnaj,06pll,minors
2026-10-02,2zq83f02mk7scnaj,06ujt,minors
2026-10-02,3naxvj6smk7scnaj,01gya,MLB
2026-10-02,3naxvj6smk7scnaj,01sb3,MLB
2026-10-02,3naxvj6smk7scnaj,01uca,MLB
2026-10-02,3naxvj6smk7scnaj,025dn,MLB
2026-10-02,3naxvj6smk7scnaj,02bq2,MLB
2026-10-02,3naxvj6smk7scnaj,02bu3,IL
2026-10-02,3naxvj6smk7scnaj,02c68,MLB
2026-10-02,3naxvj6smk7scnaj,02hi7,MLB
2026-10-02,3naxvj6smk7scnaj,02hjp,MLB
2026-10-02,3naxvj6smk7scnaj,02jh6,MLB
2026-10-02,3naxvj6smk7scnaj,02mxf,MLB
2026-10-02,3naxvj6smk7scnaj,02my5,MLB
2026-10-02,3naxvj6smk7scnaj,02yc4,IL
2026-10-02,3naxvj6smk7scnaj,0317q,MLB
2026-10-02,3naxvj6smk7scnaj,031fj,MLB
2026-10-02,3naxvj6smk7scnaj,03nmw,MLB
2026-10-02,3naxvj6smk7scnaj,03oh0,MLB
2026-10-02,3naxvj6smk7scnaj,040b5,MLB
2026-10-02,3naxvj6smk7scnaj,04aq4,IL
2026-10-02,3naxvj6smk7scnaj,04g7n,minors
2026-10-02,3naxvj6smk7scnaj,04my4,MLB
2026-10-02,3naxvj6smk7scnaj,04pmt,minors
2026-10-02,3naxvj6smk7scnaj,04ppi,MLB
2026-10-02,3naxvj6smk7scnaj,04pqo,minors
2026-10-02,3naxvj6smk7scnaj,04ru7,MLB
2026-10-02,3naxvj6smk7scnaj,04tjl,MLB
2026-10-02,3naxvj6smk7scnaj,04tzu,minors
2026-10-02,3naxvj6smk7scnaj,04ya4,minors
2026-10-02,3naxvj6smk7scnaj,0513c,MLB
2026-10-02,3naxvj6smk7scnaj,051eh,MLB
2026-10-02,3naxvj6smk7scnaj,05gx5,minors
2026-10-02,3naxvj6smk7scnaj,05jpd,minors
2026-10-02,3naxvj6smk7scnaj,05ras,MLB
2026-10-02,3naxvj6smk7scnaj,05tce,minors
2026-10-02,3naxvj6smk7scnaj,05ucd,MLB
2026-10-02,3naxvj6smk7scnaj,05y2k,MLB
2026-10-02,3naxvj6smk7scnaj,05ydo,MLB
2026-10-02,3naxvj6smk7scnaj,05ylp,minors
2026-10-02,3naxvj6smk7scnaj,06491,minors
2026-10-02,3naxvj6smk7scnaj,064n8,minors
2026-10-02,3naxvj6smk7scnaj,06luc,minors
2026-10-02,3naxvj6smk7scnaj,06mi0,minors
2026-10-02,3naxvj6smk7scnaj,06rrd,minors
2026-10-02,9i8efuljmk7scnai,01fh9,MLB
2026-10-02,9i8efuljmk7scnai,025he,MLB
2026-10-02,9i8efuljmk7scnai,02btf,MLB
2026-10-02,9i8efuljmk7scnai,02btx,IL
2026-10-02,9i8efuljmk7scnai,02w7p,MLB
2026-10-02,9i8efuljmk7scnai,02xic,MLB
2026-10-02,9i8efuljmk7scnai,02yd1,MLB
2026-10-02,9i8efuljmk7scnai,031bl,MLB
2026-10-02,9i8efuljmk7scnai,03duu,MLB
2026-10-02,9i8efuljmk7scnai,03mnq,IL
2026-10-02,9i8efuljmk7scnai,03ojr,IL
2026-10-02,9i8efuljmk7scnai,03zbh,MLB
2026-10-02,9i8efuljmk7scnai,0403o,MLB
2026-10-02,9i8efuljmk7scnai,041r1,MLB
2026-10-02,9i8efuljmk7scnai,04ej3,minors
2026-10-02,9i8efuljmk7scnai,04eor,MLB
2026-10-02,9i8efuljmk7scnai,04n0m,MLB
2026-10-02,9i8efuljmk7scnai,04pkr,MLB
2026-10-02,9i8efuljmk7scnai,04y97,IL
2026-10-02,9i8efuljmk7scnai,04yk2,MLB
2026-10-02,9i8efuljmk7scnai,050w9,MLB
2026-10-02,9i8efuljmk7scnai,0510l,MLB
2026-10-02,9i8efuljmk7scnai,051b4,minors
2026-10-02,9i8efuljmk7scnai,0524l,MLB
2026-10-02,9i8efuljmk7scnai,05gsi,MLB
2026-10-02,9i8efuljmk7scnai,05gww,minors
2026-10-02,9i8efuljmk7scnai,05rcf,minors
2026-10-02,9i8efuljmk7scnai,05uc4,minors
2026-10-02,9i8efuljmk7scnai,05uc7,minors
2026-10-02,9i8efuljmk7scnai,05y23,MLB
2026-10-02,9i8efuljmk7scnai,05y3q,minors
2026-10-02,9i8efuljmk7scnai,05y4b,MLB
2026-10-02,9i8efuljmk7scnai,05ycf,MLB
2026-10-02,9i8efuljmk7scnai,05ycl,minors
2026-10-02,9i8efuljmk7scnai,060x1,MLB
2026-10-02,9i8efuljmk7scnai,061mh,minors
2026-10-02,9i8efuljmk7scnai,067xj,minors
2026-10-02,9i8efuljmk7scnai,06hx4,minors
2026-10-02,9i8efuljmk7scnai,06pg6,minors
2026-10-02,9i8efuljmk7scnai,06roc,minors
2026-10-02,9i8efuljmk7scnai,06se6,minors
2026-10-02,eo8af59vmk7scnai,01spo,MLB
2026-10-02,eo8af59vmk7scnai,01svq,MLB
2026-10-02,eo8af59vmk7scnai,02i2j,MLB
2026-10-02,eo8af59vmk7scnai,02mwm,MLB
2026-10-02,eo8af59vmk7scnai,031t0,MLB
2026-10-02,eo8af59vmk7scnai,03pje,MLB
2026-10-02,eo8af59vmk7scnai,03qln,MLB
2026-10-02,eo8af59vmk7scnai,03wha,MLB
2026-10-02,eo8af59vmk7scnai,04en7,MLB
2026-10-02,eo8af59vmk7scnai,04mnw,MLB
2026-10-02,eo8af59vmk7scnai,04nb5,minors
2026-10-02,eo8af59vmk7scnai,04pbq,MLB
2026-10-02,eo8af59vmk7scnai,04ptt,MLB
2026-10-02,eo8af59vmk7scnai,04qnd,minors
2026-10-02,eo8af59vmk7scnai,0512v,MLB
2026-10-02,eo8af59vmk7scnai,0515o,minors
2026-10-02,eo8af59vmk7scnai,051wv,MLB
2026-10-02,eo8af59vmk7scnai,0569p,minors
2026-10-02,eo8af59vmk7scnai,0596g,MLB
2026-10-02,eo8af59vmk7scnai,05gef,MLB
2026-10-02,eo8af59vmk7scnai,05jr0,MLB
2026-10-02,eo8af59vmk7scnai,05mre,IL
2026-10-02,eo8af59vmk7scnai,05nso,MLB
2026-10-02,eo8af59vmk7scnai,05rcg,minors
2026-10-02,eo8af59vmk7scnai,05t2b,MLB
2026-10-02,eo8af59vmk7scnai,05t9v,MLB
2026-10-02,eo8af59vmk7scnai,05u2m,minors
2026-10-02,eo8af59vmk7scnai,05u2p,minors
2026-10-02,eo8af59vmk7scnai,05u4l,IL
2026-10-02,eo8af59vmk7scnai,05xod,MLB
2026-10-02,eo8af59vmk7scnai,05xty,minors
2026-10-02,eo8af59vmk7scnai,05xtz,minors
2026-10-02,eo8af59vmk7scnai,05ybv,MLB
2026-10-02,eo8af59vmk7scnai,060la,minors
2026-10-02,eo8af59vmk7scnai,062h4,minors
2026-10-02,eo8af59vmk7scnai,0630d,MLB
2026-10-02,eo8af59vmk7scnai,066er,MLB
2026-10-02,eo8af59vmk7scnai,06alq,minors
2026-10-02,eo8af59vmk7scnai,06f1b,minors
2026-10-02,eo8af59vmk7scnai,06f1r,IL
2026-10-02,eo8af59vmk7scnai,06hwt,minors
2026-10-02,eo8af59vmk7scnai,06ktn,MLB
2026-10-02,h27d3vjimk7scnai,01cgo,MLB
2026-10-02,h27d3vjimk7scnai,02c2r,MLB
2026-10-02,h27d3vjimk7scnai,03btv,MLB
2026-10-02,h27d3vjimk7scnai,03cag,MLB
2026-10-02,h27d3vjimk7scnai,03dbm,MLB
2026-10-02,h27d3vjimk7scnai,0406v,MLB
2026-10-02,h27d3vjimk7scnai,041rd,MLB
2026-10-02,h27d3vjimk7scnai,041w4,MLB
2026-10-02,h27d3vjimk7scnai,04ak5,MLB
2026-10-02,h27d3vjimk7scnai,04b02,MLB
2026-10-02,h27d3vjimk7scnai,04e2u,IL
2026-10-02,h27d3vjimk7scnai,04eig,MLB
2026-10-02,h27d3vjimk7scnai,04nqx,MLB
2026-10-02,h27d3vjimk7scnai,04pks,MLB
2026-10-02,h27d3vjimk7scnai,04pmb,IL
2026-10-02,h27d3vjimk7scnai,04ppj,MLB
2026-10-02,h27d3vjimk7scnai,04pr1,MLB
2026-10-02,h27d3vjimk7scnai,04tlv,MLB
2026-10-02,h27d3vjimk7scnai,05144,MLB
2026-10-02,h27d3vjimk7scnai,051em,IL
2026-10-02,h27d3vjimk7scnai,0596e,minors
2026-10-02,h27d3vjimk7scnai,05g3x,IL
2026-10-02,h27d3vjimk7scnai,05gdz,minors
2026-10-02,h27d3vjimk7scnai,05r3i,minors
2026-10-02,h27d3vjimk7scnai,05rik,minors
2026-10-02,h27d3vjimk7scnai,05u2v,MLB
2026-10-02,h27d3vjimk7scnai,05u9o,MLB
2026-10-02,h27d3vjimk7scnai,05udp,MLB
2026-10-02,h27d3vjimk7scnai,05uei,minors
2026-10-02,h27d3vjimk7scnai,05wru,MLB
2026-10-02,h27d3vjimk7scnai,05xu5,MLB
2026-10-02,h27d3vjimk7scnai,05yid,minors
2026-10-02,h27d3vjimk7scnai,062cx,minors
2026-10-02,h27d3vjimk7scnai,0637j,minors
2026-10-02,h27d3vjimk7scnai,066j2,minors
2026-10-02,h27d3vjimk7scnai,06ekq,minors
2026-10-02,h27d3vjimk7scnai,06igv,minors
2026-10-02,h27d3vjimk7scnai,06k7t,minors
2026-10-02,h27d3vjimk7scnai,06n8y,minors
2026-10-02,h27d3vjimk7scnai,06rkk,minors
2026-10-02,h27d3vjimk7scnai,071wa,minors
2026-10-02,mjhiu8tsmk7scnai,02n96,MLB
2026-10-02,mjhiu8tsmk7scnai,030uc,MLB
2026-10-02,mjhiu8tsmk7scnai,03120,MLB
2026-10-02,mjhiu8tsmk7scnai,0326s,MLB
2026-10-02,mjhiu8tsmk7scnai,041ma,IL
2026-10-02,mjhiu8tsmk7scnai,041wv,MLB
2026-10-02,mjhiu8tsmk7scnai,042sz,IL
2026-10-02,mjhiu8tsmk7scnai,043ia,MLB
2026-10-02,mjhiu8tsmk7scnai,047l7,MLB
2026-10-02,mjhiu8tsmk7scnai,04alp,MLB
2026-10-02,mjhiu8tsmk7scnai,04azv,MLB
2026-10-02,mjhiu8tsmk7scnai,04lgp,MLB
2026-10-02,mjhiu8tsmk7scnai,04nb2,MLB
2026-10-02,mjhiu8tsmk7scnai,04pma,MLB
2026-10-02,mjhiu8tsmk7scnai,04pst,MLB
2026-10-02,mjhiu8tsmk7scnai,04yie,MLB
2026-10-02,mjhiu8tsmk7scnai,050c3,MLB
2026-10-02,mjhiu8tsmk7scnai,050vn,IL
2026-10-02,mjhiu8tsmk7scnai,05gsc,IL
2026-10-02,mjhiu8tsmk7scnai,05jq2,MLB
2026-10-02,mjhiu8tsmk7scnai,05r01,MLB
2026-10-02,mjhiu8tsmk7scnai,05rcw,minors
2026-10-02,mjhiu8tsmk7scnai,05rfc,minors
2026-10-02,mjhiu8tsmk7scnai,05rfu,MLB
2026-10-02,mjhiu8tsmk7scnai,05t9g,MLB
2026-10-02,mjhiu8tsmk7scnai,05t9l,MLB
2026-10-02,mjhiu8tsmk7scnai,05tq1,IL
2026-10-02,mjhiu8tsmk7scnai,05u9q,MLB
2026-10-02,mjhiu8tsmk7scnai,05vy6,MLB
2026-10-02,mjhiu8tsmk7scnai,05y2l,MLB
2026-10-02,mjhiu8tsmk7scnai,05zde,MLB
2026-10-02,mjhiu8tsmk7scnai,061bo,minors
2026-10-02,mjhiu8tsmk7scnai,061gx,minors
2026-10-02,mjhiu8tsmk7scnai,064wj,minors
2026-10-02,mjhiu8tsmk7scnai,0658b,minors
2026-10-02,mjhiu8tsmk7scnai,06eyu,minors
2026-10-02,mjhiu8tsmk7scnai,06f0q,minors
2026-10-02,mjhiu8tsmk7scnai,06gwk,MLB
2026-10-02,mjhiu8tsmk7scnai,06ibv,minors
2026-10-02,mjhiu8tsmk7scnai,06mh4,minors
2026-10-02,s4wcyba8mk7scnai,025j1,MLB
2026-10-02,s4wcyba8mk7scnai,02mzg,MLB
2026-10-02,s4wcyba8mk7scnai,02z0s,IL
2026-10-02,s4wcyba8mk7scnai,031cy,MLB
2026-10-02,s4wcyba8mk7scnai,03aqv,MLB
2026-10-02,s4wcyba8mk7scnai,03d6p,MLB
2026-10-02,s4wcyba8mk7scnai,03div,MLB
2026-10-02,s4wcyba8mk7scnai,03pir,MLB
2026-10-02,s4wcyba8mk7scnai,03qyv,MLB
2026-10-02,s4wcyba8mk7scnai,03sef,MLB
2026-10-02,s4wcyba8mk7scnai,04071,MLB
2026-10-02,s4wcyba8mk7scnai,04apj,MLB
2026-10-02,s4wcyba8mk7scnai,04b00,MLB
2026-10-02,s4wcyba8mk7scnai,04n8z,MLB
2026-10-02,s4wcyba8mk7scnai,04qk8,MLB
2026-10-02,s4wcyba8mk7scnai,04yi8,minors
2026-10-02,s4wcyba8mk7scnai,0516x,MLB
2026-10-02,s4wcyba8mk7scnai,05184,MLB
2026-10-02,s4wcyba8mk7scnai,05ge9,MLB
2026-10-02,s4wcyba8mk7scnai,05gx4,MLB
2026-10-02,s4wcyba8mk7scnai,05j8u,minors
2026-10-02,s4wcyba8mk7scnai,05jrh,MLB
2026-10-02,s4wcyba8mk7scnai,05jsg,minors
2026-10-02,s4wcyba8mk7scnai,05r8n,MLB
2026-10-02,s4wcyba8mk7scnai,05rbs,minors
2026-10-02,s4wcyba8mk7scnai,05rch,MLB
2026-10-02,s4wcyba8mk7scnai,05u6q,MLB
2026-10-02,s4wcyba8mk7scnai,05y3u,MLB
2026-10-02,s4wcyba8mk7scnai,05yo5,MLB
2026-10-02,s4wcyba8mk7scnai,060m8,minors
2026-10-02,s4wcyba8mk7scnai,0622w,MLB
2026-10-02,s4wcyba8mk7scnai,06481,minors
2026-10-02,s4wcyba8mk7scnai,065ji,minors
2026-10-02,s4wcyba8mk7scnai,066n1,minors
2026-10-02,s4wcyba8mk7scnai,06b72,minors
2026-10-02,s4wcyba8mk7scnai,06ms5,minors
2026-10-02,s4wcyba8mk7scnai,06plc,MLB
